comment_id,create_time,create_date_time,note_id,content,sub_comment_count,comment_like_count,last_modify_ts,ip_location,parent_comment_id,user_id,nickname,gender,profile_url,avatar
5249000215415074,1766971436,2025-12-29 01:23:56+08:00,5248999357417316,我信你！,0,0,1770827660931,广东,5249000215415074,1710481490,小姚早点睡吧,f,https://m.weibo.cn/u/1710481490?launchid=10000360-page_H5,"https://tvax4.sinaimg.cn/crop.0.0.1080.1080.180/65f3e052ly8hd2lbonufej20u00u0gp0.jpg?KID=imgbed,tva&Expires=1770838461&ssig=KK1Xexn0gq"
5249001400043174,1766971718,2025-12-29 01:28:38+08:00,5248999357417316,🈶,0,0,1770827660934,广东,5249001400043174,3897009551,图卢兹噜噜噜,f,https://m.weibo.cn/u/3897009551?launchid=10000360-page_H5,"https://tvax3.sinaimg.cn/crop.0.0.1080.1080.180/e847a58fly8i8vrsu9g2dj20u00u0acm.jpg?KID=imgbed,tva&Expires=1770838461&ssig=6zLrGxVbPW"
5249000856880433,1766971589,2025-12-29 01:26:29+08:00,5248999357417316,中了,0,0,1770827660936,广东,5249000856880433,1889253543,默默猫mo,f,https://m.weibo.cn/u/1889253543?launchid=10000360-page_H5,"https://tvax3.sinaimg.cn/crop.0.0.512.512.180/709bb8a7ly8gkerzcfqmmj20e80e8aad.jpg?KID=imgbed,tva&Expires=1770838461&ssig=SFeUmhfrv4"
5249000039253462,1766971394,2025-12-29 01:23:14+08:00,5248999357417316,中了,0,0,1770827660938,广东,5249000039253462,7382079369,念夕yb,f,https://m.weibo.cn/u/7382079369?launchid=10000360-page_H5,"https://tvax4.sinaimg.cn/crop.0.0.1009.1009.180/0083As4hly8i3wa77zfmaj30s10s140q.jpg?KID=imgbed,tva&Expires=1770838461&ssig=ZbqQpLAaTB"
5248999877774054,1766971355,2025-12-29 01:22:35+08:00,5248999357417316,中啦,0,0,1770827660940,山西,5248999877774054,7423537142,薄荷味的33,m,https://m.weibo.cn/u/7423537142?launchid=10000360-page_H5,"https://tvax4.sinaimg.cn/crop.0.0.255.255.180/0086op82ly8i63udt6wk2j3073073weo.jpg?KID=imgbed,tva&Expires=1770838461&ssig=upOtXLNz%2BN"
5258003407966175,1769117964,2026-01-22 21:39:24+08:00,5257997303680117,#绿色出行可兑换数字人民币#骑共享单车、乘坐地铁公交，你做的每一件环保小事都能被量化成“碳积分”，这些碳积分不仅可以记录你的绿色足迹，还能兑换为实实在在的数字人民币。,0,0,1770827665175,,5258003407966175,1926909715,第一财经日报,f,https://m.weibo.cn/u/1926909715?launchid=10000360-page_H5,"https://tvax4.sinaimg.cn/crop.0.0.512.512.180/0026p7eXly8h8vhdgp7tej60e80e8wer02.jpg?KID=imgbed,tva&Expires=1770838465&ssig=Q1aVV%2Bxv0Y"
5235092830291486,1763655657,2025-11-20 16:20:57+08:00,5235087606287051,没谁了还得是你,1,0,1770827669491,辽宁,5235092830291486,5692212263,今天兜里有五十我想把他都花完,f,https://m.weibo.cn/u/5692212263?launchid=10000360-page_H5,"https://tvax2.sinaimg.cn/crop.0.0.1080.1080.180/006ddWrdly8hmyt8lz30aj30u00u0wnw.jpg?KID=imgbed,tva&Expires=1770838469&ssig=RnGqsd0Y9S"
5237961778007235,1764339667,2025-11-28 14:21:07+08:00,5237940628488839,中午好,0,0,1770827673852,湖南,5237961778007235,7773792436,怪你太装无知,f,https://m.weibo.cn/u/7773792436?launchid=10000360-page_H5,"https://tvax2.sinaimg.cn/crop.0.0.1080.1080.180/008u62wYly8i96mn035k1j30u00u0mzb.jpg?KID=imgbed,tva&Expires=1770838473&ssig=Vf2w93wE%2F%2B"
5228894816568206,1762177934,2025-11-03 13:52:14+08:00,5228840192311391,这也太实惠，非常给力呀！,0,5,1770827678113,安徽,5228894816568206,5230885181,快乐简单的小鱼儿xcy,m,https://m.weibo.cn/u/5230885181?launchid=10000360-page_H5,"https://tvax4.sinaimg.cn/crop.0.0.640.640.180/005I0gbPly8hkiohj7ueej30hs0hst9r.jpg?KID=imgbed,tva&Expires=1770838478&ssig=%2Blg0V2KPsx"
5228840532313045,1762164992,2025-11-03 10:16:32+08:00,5228840192311391,@小lin说 带你打开银行的“绿色账本”！,0,1,1770827678116,北京,5228840532313045,1616138034,大雪大雪_HAN,f,https://m.weibo.cn/u/1616138034?launchid=10000360-page_H5,"https://tvax4.sinaimg.cn/crop.0.0.512.512.180/60544f32ly8i125c0udisj20e80e83yr.jpg?KID=imgbed,tva&Expires=1770838478&ssig=jEd1Trat3%2F"
5228889565825141,1762176683,2025-11-03 13:31:23+08:00,5228840192311391,看起来很实惠，很棒，好喜欢啊！,0,1,1770827678119,安徽,5228889565825141,7333962486,海阔天空xy6,m,https://m.weibo.cn/u/7333962486?launchid=10000360-page_H5,"https://tvax4.sinaimg.cn/crop.0.0.1080.1080.180/0080kyFwly8h1qtye1w6jj30u00u0who.jpg?KID=imgbed,tva&Expires=1770838478&ssig=sgZhiyjuuu"
5228958666984553,1762193158,2025-11-03 18:05:58+08:00,5228840192311391,建行碳数贷绿能贷，金融助力绿色未来，太赞了！,0,0,1770827678122,山西,5228958666984553,6087728032,h我就是一束光,f,https://m.weibo.cn/u/6087728032?launchid=10000360-page_H5,"https://tvax1.sinaimg.cn/crop.0.0.750.750.180/006DZu9Oly8h59nm49qe1j30ku0kumz3.jpg?KID=imgbed,tva&Expires=1770838478&ssig=8rZbCxUCim"
5228955879869492,1762192494,2025-11-03 17:54:54+08:00,5228840192311391,能有这样的进步也是非常给力的,0,0,1770827678125,湖南,5228955879869492,7584268562,甜心小小少女,f,https://m.weibo.cn/u/7584268562?launchid=10000360-page_H5,"https://tvax2.sinaimg.cn/crop.0.0.1080.1080.180/008hgOIily8i8kspd5bvbj30u00u0whd.jpg?KID=imgbed,tva&Expires=1770838478&ssig=F24AuEw3U6"
5228955173131785,1762192325,2025-11-03 17:52:05+08:00,5228840192311391,银行让ESG变容易接触，挺好的,0,0,1770827678127,黑龙江,5228955173131785,7358803364,你开心我快乐hai,f,https://m.weibo.cn/u/7358803364?launchid=10000360-page_H5,"https://tvax3.sinaimg.cn/crop.0.0.996.996.180/00820MUQly8ga3h7qgeeaj30ro0ro40r.jpg?KID=imgbed,tva&Expires=1770838478&ssig=l1vlN5rc21"
5228954870351933,1762192253,2025-11-03 17:50:53+08:00,5228840192311391,相信在未来也会变得触手可及,0,0,1770827678131,湖南,5228954870351933,7733398951,红尘烟雨情相思,f,https://m.weibo.cn/u/7733398951?launchid=10000360-page_H5,"https://tvax1.sinaimg.cn/crop.0.0.1080.1080.180/008rmyl9ly8i8v1iat5m8j30u00u076p.jpg?KID=imgbed,tva&Expires=1770838478&ssig=bDDA5pblNJ"
5228954726173375,1762192219,2025-11-03 17:50:19+08:00,5228840192311391,相信在未来也会给我们带来更多的惊喜,0,0,1770827678133,湖南,5228954726173375,7925229697,静待花开你若自来,f,https://m.weibo.cn/u/7925229697?launchid=10000360-page_H5,"https://tvax2.sinaimg.cn/crop.0.0.1000.1000.180/008Elshrly8hr9hn9fnloj30rs0rswgh.jpg?KID=imgbed,tva&Expires=1770838478&ssig=bY4tV%2BxtUj"
5228954604536204,1762192189,2025-11-03 17:49:49+08:00,5228840192311391,坐地铁攒碳分换数字人民币,0,0,1770827678135,江西,5228954604536204,7930875232,月亮不睡我肯定不睡,f,https://m.weibo.cn/u/7930875232?launchid=10000360-page_H5,"https://tvax4.sinaimg.cn/crop.0.0.1080.1080.180/008EJ8Wsly8hr9ys2totgj30u00u177x.jpg?KID=imgbed,tva&Expires=1770838478&ssig=lxkkEIyeZT"
5228954554472288,1762192178,2025-11-03 17:49:38+08:00,5228840192311391,现在的发展进步了不少啊,0,0,1770827678137,湖南,5228954554472288,6451599957,沫染流年浅暮,f,https://m.weibo.cn/u/6451599957?launchid=10000360-page_H5,"https://tvax3.sinaimg.cn/crop.0.0.1080.1080.180/0072CfRPly8i9ct5ibtc6j30u00u0gpq.jpg?KID=imgbed,tva&Expires=1770838478&ssig=tPyNVve7DS"
5199220673873996,1755103068,2025-08-13 16:37:48+08:00,5199215846494305,这款车可真够炫酷的,0,0,1770827697342,河南,5199220673873996,3518216550,提升专注力ll,f,https://m.weibo.cn/u/3518216550?launchid=10000360-page_H5,"https://tvax2.sinaimg.cn/crop.0.0.1080.1080.180/d1b3b966ly8i8crhl7qtij20u00u0jso.jpg?KID=imgbed,tva&Expires=1770838497&ssig=XnRnBisu2c"
5199216831630878,1755102152,2025-08-13 16:22:32+08:00,5199215846494305,燃油车会像胶片相机一样，成为复古玩家的收藏品,0,0,1770827697344,上海,5199216831630878,7513160691,Yg冰淇淋红茶拿铁,f,https://m.weibo.cn/u/7513160691?launchid=10000360-page_H5,"https://tvax3.sinaimg.cn/crop.0.0.1000.1000.180/008cssj9ly8i8wmw3qu1yj30rs0rstb8.jpg?KID=imgbed,tva&Expires=1770838497&ssig=HO1uNXIXdc"
5199216744071799,1755102131,2025-08-13 16:22:11+08:00,5199215846494305,这款汽车我太喜欢了呀,0,0,1770827697348,广东,5199216744071799,5590406658,心想必事成呀,f,https://m.weibo.cn/u/5590406658?launchid=10000360-page_H5,"https://tvax4.sinaimg.cn/crop.0.0.945.945.180/0066kM9kly8i25pb9mdltj30q90q9dhp.jpg?KID=imgbed,tva&Expires=1770838497&ssig=ZlQJsUDkFp"
5199216558736054,1755102086,2025-08-13 16:21:26+08:00,5199215846494305,感觉特别酷 太喜欢了呀,0,0,1770827697351,山东,5199216558736054,7583647853,下雨天了怎么办呀o,f,https://m.weibo.cn/u/7583647853?launchid=10000360-page_H5,"https://tvax2.sinaimg.cn/crop.0.0.1024.1024.180/008hedeRly8h1jztyh0hij30sg0sgtba.jpg?KID=imgbed,tva&Expires=1770838497&ssig=AkFpakzQtN"
5199216406433985,1755102051,2025-08-13 16:20:51+08:00,5199215846494305,以后是新能源的时代呀,0,0,1770827697354,山西,5199216406433985,7777033793,开心的我们_,f,https://m.weibo.cn/u/7777033793?launchid=10000360-page_H5,"https://tvax2.sinaimg.cn/crop.0.0.980.980.180/008ujDKVly8hcegc1uxfej30r80r8dgn.jpg?KID=imgbed,tva&Expires=1770838497&ssig=CfTaWU5dO6"
5199216336441244,1755102034,2025-08-13 16:20:34+08:00,5199215846494305,确实，毕竟现在发展也挺快的,0,0,1770827697356,湖北,5199216336441244,5705836856,3天饿9顿啊,f,https://m.weibo.cn/u/5705836856?launchid=10000360-page_H5,"https://tvax4.sinaimg.cn/crop.0.0.512.512.180/006e96OIly8hwrffyz3spj30e80e874s.jpg?KID=imgbed,tva&Expires=1770838497&ssig=vQAhzGXgRS"
5199216303409469,1755102026,2025-08-13 16:20:26+08:00,5199215846494305,我还是喜欢燃油车,0,0,1770827697358,福建,5199216303409469,2998488271,可爱的浪漫疯子,f,https://m.weibo.cn/u/2998488271?launchid=10000360-page_H5,"https://tvax4.sinaimg.cn/crop.0.0.1080.1080.180/b2b94ccfly8hpfjx0jjrmj20u00u00v4.jpg?KID=imgbed,tva&Expires=1770838497&ssig=l4H0hzqnDl"
5199216257269847,1755102014,2025-08-13 16:20:14+08:00,5199215846494305,太酷了啊哈哈哈爱了,0,0,1770827697360,广东,5199216257269847,5872819850,东榕lin,f,https://m.weibo.cn/u/5872819850?launchid=10000360-page_H5,"https://tvax4.sinaimg.cn/crop.0.0.1080.1080.180/006prKIOly8i3fnnqw4bvj30u00u1juz.jpg?KID=imgbed,tva&Expires=1770838497&ssig=Rx0Dp7Lb2r"
5199228760490143,1755104995,2025-08-13 17:09:55+08:00,5199215846494305,顺应环保趋势，燃油车时代渐行渐远，科技革新让情怀流转。,0,0,1770827697362,福建,5199228760490143,5806011960,晴添添得快乐,f,https://m.weibo.cn/u/5806011960?launchid=10000360-page_H5,"https://tvax4.sinaimg.cn/crop.0.0.1080.1080.180/006kVqWcly8i6gvn6dme4j30u00u0gnn.jpg?KID=imgbed,tva&Expires=1770838497&ssig=0ZQFH274zS"
5199216328313737,1755102032,2025-08-13 16:20:32+08:00,5199215846494305,燃油车时代终将落幕，环保转型势在必行。,0,0,1770827697365,福建,5199216328313737,5806011960,晴添添得快乐,f,https://m.weibo.cn/u/5806011960?launchid=10000360-page_H5,"https://tvax4.sinaimg.cn/crop.0.0.1080.1080.180/006kVqWcly8i6gvn6dme4j30u00u0gnn.jpg?KID=imgbed,tva&Expires=1770838497&ssig=0ZQFH274zS"
5133174328267890,1739356392,2025-02-12 10:33:12+08:00,5133168432908679,瑶姐，元宵节快乐！,1,0,1770827701647,天津,5133174328267890,7885522872,W鑫隆,m,https://m.weibo.cn/u/7885522872?launchid=10000360-page_H5,"https://tvax1.sinaimg.cn/crop.0.0.512.512.180/008BEQIMly8i2udoxa474j30e80e8jrt.jpg?KID=imgbed,tva&Expires=1770838501&ssig=O2q%2F%2BSxSU%2F"
5237943648389189,1764335345,2025-11-28 13:09:05+08:00,5237933143229964,做的可真好啊,0,0,1770827705922,广东,5237943648389189,7561079171,貌美且自由,f,https://m.weibo.cn/u/7561079171?launchid=10000360-page_H5,"https://tvax1.sinaimg.cn/crop.0.0.1080.1080.180/008fHw5Rly8i9muig6djvj30u00u0gnx.jpg?KID=imgbed,tva&Expires=1770838506&ssig=rsTX7j3w4e"
5237943633707645,1764335340,2025-11-28 13:09:00+08:00,5237933143229964,好有意思，一起来打卡,0,0,1770827705929,广东,5237943633707645,6337302925,今天我心情有亿点怪怪,m,https://m.weibo.cn/u/6337302925?launchid=10000360-page_H5,"https://tvax4.sinaimg.cn/crop.0.0.1080.1080.180/006USFZjly8ia6tsz2tmoj30u00u0aca.jpg?KID=imgbed,tva&Expires=1770838506&ssig=AgNjF2m3cn"
5237943633185067,1764335341,2025-11-28 13:09:01+08:00,5237933143229964,真的很不错,0,0,1770827705932,广西,5237943633185067,6626305248,别和我抢Angelababy,m,https://m.weibo.cn/u/6626305248?launchid=10000360-page_H5,"https://tvax4.sinaimg.cn/crop.0.0.1080.1080.180/007eriH6ly8i9ojz5zv9vj30u00u0abt.jpg?KID=imgbed,tva&Expires=1770838506&ssig=3mwBrJNXQ3"
5237943572890114,1764335327,2025-11-28 13:08:47+08:00,5237933143229964,还挺哇塞的,0,0,1770827705935,广东,5237943572890114,7887766711,呆系哇偶,f,https://m.weibo.cn/u/7887766711?launchid=10000360-page_H5,"https://tvax4.sinaimg.cn/crop.0.0.1080.1080.180/008BOgrJly8i3cd9nqi4wj30u00u00u3.jpg?KID=imgbed,tva&Expires=1770838506&ssig=0YTRPZjX%2Br"
5237943481667171,1764335305,2025-11-28 13:08:25+08:00,5237933143229964,冲冲冲,0,0,1770827705938,安徽,5237943481667171,7710604813,洛兮洛宁,f,https://m.weibo.cn/u/7710604813?launchid=10000360-page_H5,"https://tvax1.sinaimg.cn/crop.0.0.1080.1080.180/008pOUxLly8i9e67ia5z5j30u00u0tdm.jpg?KID=imgbed,tva&Expires=1770838506&ssig=oSpGCmTQcV"
5237944107663966,1764335453,2025-11-28 13:10:53+08:00,5237933143229964,真的好想去,0,0,1770827705940,福建,5237944107663966,6173865901,没想过的答案,m,https://m.weibo.cn/u/6173865901?launchid=10000360-page_H5,"https://tvax3.sinaimg.cn/crop.0.0.1002.1002.180/006JOUyhly8g9glrucgl6j30ru0ru42h.jpg?KID=imgbed,tva&Expires=1770838506&ssig=AmILbQh4Vc"
5237943967155470,1764335421,2025-11-28 13:10:21+08:00,5237933143229964,很放松的方式,0,0,1770827705942,福建,5237943967155470,6787524603,六六大可爱,f,https://m.weibo.cn/u/6787524603?launchid=10000360-page_H5,"https://tvax3.sinaimg.cn/crop.54.0.720.720.180/007plLdhly8gll5zbh7a1j30n00k00ve.jpg?KID=imgbed,tva&Expires=1770838506&ssig=Mt1uW7t8Hs"
5237943775008139,1764335375,2025-11-28 13:09:35+08:00,5237933143229964,真的不错诶,0,0,1770827705945,江苏,5237943775008139,7837236152,关于面包的一切,f,https://m.weibo.cn/u/7837236152?launchid=10000360-page_H5,"https://tvax3.sinaimg.cn/crop.0.0.512.512.180/008yof8Ily8hymiyjjg3vj30e80e8glu.jpg?KID=imgbed,tva&Expires=1770838506&ssig=7ht9dRNpFN"
5237943670149128,1764335350,2025-11-28 13:09:10+08:00,5237933143229964,好想去打卡,0,0,1770827705947,福建,5237943670149128,3925177206,慧子0108,f,https://m.weibo.cn/u/3925177206?launchid=10000360-page_H5,"https://tvax4.sinaimg.cn/crop.0.0.996.996.180/e9f57376ly8ggjul58b6nj20ro0roaay.jpg?KID=imgbed,tva&Expires=1770838506&ssig=1UY6SyL7qa"
5238277659690952,1764414979,2025-11-29 11:16:19+08:00,5237933143229964,漂亮,0,0,1770827705952,广东,5238277659690952,7997756726,白桃乌龙cici,f,https://m.weibo.cn/u/7997756726?launchid=10000360-page_H5,"https://tvax3.sinaimg.cn/crop.0.0.1080.1080.180/008JfLSely8i6gdkbi985j30u00u0go3.jpg?KID=imgbed,tva&Expires=1770838506&ssig=GrkGY9KBSr"
5191515680801637,1753266055,2025-07-23 10:20:55+08:00,5191480366596442,早,0,0,1770827725126,浙江,5191515680801637,7477549702,北地李令月,f,https://m.weibo.cn/u/7477549702?launchid=10000360-page_H5,"https://tvax3.sinaimg.cn/crop.0.0.1080.1080.180/008a32gmly8i781aexl81j30u00u0q4v.jpg?KID=imgbed,tva&Expires=1770838525&ssig=pej%2Fp6zp8H"
5191486809573811,1753259171,2025-07-23 08:26:11+08:00,5191480366596442,那不完蛋了,0,0,1770827725128,江苏,5191486809573811,7491219549,龍昜土羊,m,https://m.weibo.cn/u/7491219549?launchid=10000360-page_H5,"https://tvax1.sinaimg.cn/crop.0.0.518.518.180/008aYopLly8hvqmsr797ej30ee0eegm5.jpg?KID=imgbed,tva&Expires=1770838525&ssig=rxe1EuZx9p"
5229697776751155,1762369376,2025-11-05 19:02:56+08:00,5229346793199109,欧洲市场双线收割，卖车的同时还能赚积分钱，这操作绝了,0,0,1770827729352,其他,5229697776751155,7994863058,逆水行舟将欲行,f,https://m.weibo.cn/u/7994863058?launchid=10000360-page_H5,"https://tvax1.sinaimg.cn/crop.0.0.600.600.180/008J3D6aly8i0qpiyle0cj30go0goq4y.jpg?KID=imgbed,tva&Expires=1770838529&ssig=3QCNxGLbhj"
5229677421789665,1762364522,2025-11-05 17:42:02+08:00,5229346793199109,以前是买市场换技术，现在是拿技术换市场，爽文剧情啊,0,0,1770827729355,湖北,5229677421789665,9142863624,淘汰的借口,f,https://m.weibo.cn/u/9142863624?launchid=10000360-page_H5,"https://tvax3.sinaimg.cn/crop.0.0.600.600.180/009YKwukly8i71dninum7j30go0godhb.jpg?KID=imgbed,tva&Expires=1770838529&ssig=hH7taT8CCV"
5229673177940886,1762363511,2025-11-05 17:25:11+08:00,5229346793199109,表面卖积分，实际卖的是整套新能源解决方案，这步棋走得远,0,2,1770827729357,辽宁,5229673177940886,7995039634,时间流guo,f,https://m.weibo.cn/u/7995039634?launchid=10000360-page_H5,"https://tvax1.sinaimg.cn/crop.0.0.600.600.180/008J4n2aly8i0rmt7vcn8j30go0go0u0.jpg?KID=imgbed,tva&Expires=1770838529&ssig=U3h5mpY4E5"
5229672059373516,1762363244,2025-11-05 17:20:44+08:00,5229346793199109,全球车企开始反向找中国买分了，这剧本谁能想到呢？,0,0,1770827729360,江苏,5229672059373516,7994301578,不顾一起的了解,f,https://m.weibo.cn/u/7994301578?launchid=10000360-page_H5,"https://tvax1.sinaimg.cn/crop.0.0.600.600.180/008J1h22ly8i0jqwrndmbj30go0gojtn.jpg?KID=imgbed,tva&Expires=1770838529&ssig=cWtY5GC7Or"
5232653138659923,1763073989,2025-11-13 22:46:29+08:00,5232445909633795,#向新图强观江海# #江苏真的没法低调了# 我也想去,0,0,1770827733650,江苏,5232653138659923,7749791252,永远在路上的journalist2000,m,https://m.weibo.cn/u/7749791252?launchid=10000360-page_H5,"https://tvax4.sinaimg.cn/crop.0.0.511.511.180/008stkJ6ly8i261g1lj3aj30e80e70ti.jpg?KID=imgbed,tva&Expires=1770838533&ssig=AeWEusEO90"
5265232303753983,1770841467,2026-02-11 20:24:27+08:00,5265226175877894,比亚迪的科技引领未来了,2,194,1770827775682,广东,5265232303753983,3716672477,墨江边,f,https://m.weibo.cn/u/3716672477?launchid=10000360-page_H5,"https://tvax2.sinaimg.cn/crop.0.0.996.996.180/dd87ebddly8gmdsag37lmj20ro0ro75b.jpg?KID=imgbed,tva&Expires=1770838575&ssig=FUHd362UEF"
5265234660431464,1770842029,2026-02-11 20:33:49+08:00,5265226175877894,比亚迪，科技界的超级英雄！,0,93,1770827775685,河北,5265234660431464,7776962323,冠逸是我的唯一,f,https://m.weibo.cn/u/7776962323?launchid=10000360-page_H5,"https://tvax1.sinaimg.cn/crop.0.0.1080.1080.180/008ujlably8h4law7njcdj30u00u0whp.jpg?KID=imgbed,tva&Expires=1770838575&ssig=QtNhA4%2B3Qg"
5265234652566586,1770842027,2026-02-11 20:33:47+08:00,5265226175877894,中国智造闪耀英超赛场了,0,43,1770827775687,山东,5265234652566586,7044160061,ui08o,f,https://m.weibo.cn/u/7044160061?launchid=10000360-page_H5,"https://tvax2.sinaimg.cn/crop.0.0.1080.1080.180/007GIzORly8i94sl9mqogj30u00u0mzp.jpg?KID=imgbed,tva&Expires=1770838575&ssig=1hSYG%2BiQg0"
5265234736191067,1770842047,2026-02-11 20:34:07+08:00,5265226175877894,这波蓝色风暴碰绿色科技,0,26,1770827775690,山东,5265234736191067,7907163219,薄调雾,f,https://m.weibo.cn/u/7907163219?launchid=10000360-page_H5,"https://tvax1.sinaimg.cn/crop.0.0.960.960.180/008D7EmDly8i94r526oyvj30qo0qowg6.jpg?KID=imgbed,tva&Expires=1770838575&ssig=N4b5uBWqLC"
5265236177455930,1770842391,2026-02-11 20:39:51+08:00,5265226175877894,期待蓝色和绿色，踢出新故事。,0,21,1770827775692,河北,5265236177455930,7507069275,守护我的王同学,f,https://m.weibo.cn/u/7507069275?launchid=10000360-page_H5,"https://tvax4.sinaimg.cn/crop.0.0.512.512.180/008c2TEvly8hgwc5t8rmvj30e80e8aab.jpg?KID=imgbed,tva&Expires=1770838575&ssig=ndO8p%2B6vFY"
5265235975866976,1770842343,2026-02-11 20:39:03+08:00,5265226175877894,比亚迪这是要陪曼城拿更多冠军。,1,16,1770827775695,河北,5265235975866976,5993793808,我的海兰察大大,f,https://m.weibo.cn/u/5993793808?launchid=10000360-page_H5,"https://tvax1.sinaimg.cn/crop.0.0.512.512.180/006xDlzGly8fvsnp357p1j30e80e80ti.jpg?KID=imgbed,tva&Expires=1770838575&ssig=%2FgDjoGXQ%2FC"
5265234562647903,1770842005,2026-02-11 20:33:25+08:00,5265226175877894,硬核技术赋能曼城太牛了,0,8,1770827775697,山东,5265234562647903,5181876290,起司酥酪-,m,https://m.weibo.cn/u/5181876290?launchid=10000360-page_H5,"https://tvax2.sinaimg.cn/crop.0.0.1080.1080.180/005EGCJQly8i94rei2j1ij30u00u0aby.jpg?KID=imgbed,tva&Expires=1770838575&ssig=BnNwZBzFA0"
5265234145056136,1770841906,2026-02-11 20:31:46+08:00,5265226175877894,这款车颜值与实力并存,0,8,1770827775699,辽宁,5265234145056136,7344603946,半盏清茶0_0,f,https://m.weibo.cn/u/7344603946?launchid=10000360-page_H5,"https://tvax3.sinaimg.cn/crop.0.0.986.986.180/00813cZYly8g9cx1em4nlj30re0req8h.jpg?KID=imgbed,tva&Expires=1770838575&ssig=VwXUo6hnKK"
5265235909022291,1770842327,2026-02-11 20:38:47+08:00,5265226175877894,绿色足球，这个方向很未来。,0,5,1770827775702,河北,5265235909022291,6094618292,真是个可爱小鬼,m,https://m.weibo.cn/u/6094618292?launchid=10000360-page_H5,"https://tvax4.sinaimg.cn/crop.0.0.1080.1080.180/006EsoD2ly8hkre0dhtmzj30u00u0gpv.jpg?KID=imgbed,tva&Expires=1770838575&ssig=KcyDLwYp8j"
5265235837717263,1770842310,2026-02-11 20:38:30+08:00,5265226175877894,从训练服到充电桩，合作深度到位了。,0,4,1770827775704,河北,5265235837717263,6326456660,一下子瘦了二十斤,f,https://m.weibo.cn/u/6326456660?launchid=10000360-page_H5,"https://tvax1.sinaimg.cn/crop.0.0.750.750.180/006U9anyly8i2lo1khft2j30ku0kumxy.jpg?KID=imgbed,tva&Expires=1770838575&ssig=00F323hL4P"
5265200208937436,1770833814,2026-02-11 18:16:54+08:00,5265196002314656,祝贺比亚迪,0,2,1770827779939,河北,5265200208937436,3592778304,水之灵Waterspirit,f,https://m.weibo.cn/u/3592778304?launchid=10000360-page_H5,"https://tvax4.sinaimg.cn/crop.0.0.1051.1051.180/d6257240ly8i8l84f8i4rj20t70t741k.jpg?KID=imgbed,tva&Expires=1770838580&ssig=KggVyOmPVa"
5265222321571117,1770839087,2026-02-11 19:44:47+08:00,5265196002314656,太赞了,0,1,1770827779943,广西,5265222321571117,7577435405,老猫科普,m,https://m.weibo.cn/u/7577435405?launchid=10000360-page_H5,"https://tvax2.sinaimg.cn/crop.0.0.512.512.180/008gO965ly8gv196s4scfj30e80e8mxd.jpg?KID=imgbed,tva&Expires=1770838580&ssig=T%2BO4uEZaJ5"
5265205212743080,1770835008,2026-02-11 18:36:48+08:00,5265196002314656,助力绿色出行,0,1,1770827779946,黑龙江,5265205212743080,5235950094,胖娃娃的水晶之恋,f,https://m.weibo.cn/u/5235950094?launchid=10000360-page_H5,"https://tva1.sinaimg.cn/crop.46.3.153.153.180/005IlvNYgw1ej8i5x6q4sj305k05k3yi.jpg?KID=imgbed,tva&Expires=1770838580&ssig=WvdK8F4Fni"
5265196539183297,1770832939,2026-02-11 18:02:19+08:00,5265196002314656,祝贺,0,1,1770827779948,山东,5265196539183297,1806827651,贩困嫌疑人,m,https://m.weibo.cn/u/1806827651?launchid=10000360-page_H5,"https://tvax1.sinaimg.cn/crop.0.0.1080.1080.180/6bb20083ly1hk9q4e7ei7j20u00u0mz2.jpg?KID=imgbed,tva&Expires=1770838580&ssig=XdHxiMV80i"
5265252679681944,1770846325,2026-02-11 21:45:25+08:00,5265196002314656,是我喜欢的，加油吧，相信会很好的！,0,0,1770827779951,江苏,5265252679681944,7808096912,一一一一一科土豆,m,https://m.weibo.cn/u/7808096912?launchid=10000360-page_H5,"https://tvax1.sinaimg.cn/crop.0.0.1080.1080.180/008wpYGYly8hv5bzrrnrrj30u00u0jrv.jpg?KID=imgbed,tva&Expires=1770838580&ssig=oU1QJUvalQ"
5265253275536002,1770846467,2026-02-11 21:47:47+08:00,5265196002314656,@河南足球俱乐部 缺个冠名商，你俩合作一把！,0,0,1770827779953,河南,5265253275536002,2255323215,我的二弟叫艾迪,m,https://m.weibo.cn/u/2255323215?launchid=10000360-page_H5,"https://tvax4.sinaimg.cn/crop.0.0.1080.1080.180/866d804fly8h8k9mr6i5qj20u00u03zs.jpg?KID=imgbed,tva&Expires=1770838580&ssig=nd0m91nD0M"
5265252564599401,1770846297,2026-02-11 21:44:57+08:00,5265196002314656,尿性,0,0,1770827779956,黑龙江,5265252564599401,2542422481,蓝海扬帆读立少年,m,https://m.weibo.cn/u/2542422481?launchid=10000360-page_H5,"https://tvax4.sinaimg.cn/crop.0.0.600.600.180/978a49d1ly8h34asib71cj20go0got9x.jpg?KID=imgbed,tva&Expires=1770838580&ssig=6SZMLsxHn7"
5265215593648286,1770837483,2026-02-11 19:18:03+08:00,5265196002314656,越来越强，目标巴萨,0,0,1770827779958,山东,5265215593648286,1657901007,柒块伍,m,https://m.weibo.cn/u/1657901007?launchid=10000360-page_H5,"https://tvax4.sinaimg.cn/crop.0.0.996.996.180/62d18fcfly8g5v140ehupj20ro0roqah.jpg?KID=imgbed,tva&Expires=1770838580&ssig=QANcVC%2FWnm"
5265206596601193,1770835338,2026-02-11 18:42:18+08:00,5265196002314656,为什么不是阿森纳,0,0,1770827779961,四川,5265206596601193,1899797435,王篩傅,m,https://m.weibo.cn/u/1899797435?launchid=10000360-page_H5,"https://tva1.sinaimg.cn/crop.0.0.512.512.180/713c9bbbjw8f0vgmpgnbij20e80e8wf0.jpg?KID=imgbed,tva&Expires=1770838580&ssig=atRscJSTEH"
5265207423402686,1770835534,2026-02-11 18:45:34+08:00,5265196002314656,期待以后在英超赛场看到更多中国元素,0,2,1770827779963,四川,5265207423402686,6446625409,blue厂房竹,m,https://m.weibo.cn/u/6446625409?launchid=10000360-page_H5,"https://tvax1.sinaimg.cn/crop.0.0.1080.1080.180/0072hnLbly8i9qfrhdw9fj30u00u0jxk.jpg?KID=imgbed,tva&Expires=1770838580&ssig=WJeAjw4M4Q"
5265279434626758,1770852704,2026-02-11 23:31:44+08:00,5265228969285144,新能源领军者与顶级球队合作，共启绿色发展新篇章。,0,0,1770827784224,广东,5265279434626758,7771255170,开心开心的bua,f,https://m.weibo.cn/u/7771255170?launchid=10000360-page_H5,"https://tvax2.sinaimg.cn/crop.0.0.512.512.180/008tVotkly8hc64wssc93j30e80e874i.jpg?KID=imgbed,tva&Expires=1770838584&ssig=jhXxAwndsU"
5265234329602592,1770841950,2026-02-11 20:32:30+08:00,5265228969285144,不迷信豪门／外资，靠死磕技术＋长期投入，硬生生把新能源赛道踢成自己的主场！💙🇨🇳,0,0,1770827784228,上海,5265234329602592,6220414040,凯尔特人球迷俱乐部,m,https://m.weibo.cn/u/6220414040?launchid=10000360-page_H5,"https://tvax4.sinaimg.cn/crop.0.0.664.664.180/006MYdQIly8gdipodmqwoj30ig0igwfi.jpg?KID=imgbed,tva&Expires=1770838584&ssig=7TCwCK9Biz"
5265234245716011,1770841930,2026-02-11 20:32:10+08:00,5265228969285144,曼城和比亚迪的组合太酷了！想看他们一起打比赛！😂,0,0,1770827784230,中国,5265234245716011,6355176041,许愿所有口红不过期,m,https://m.weibo.cn/u/6355176041?launchid=10000360-page_H5,"https://tvax1.sinaimg.cn/crop.0.0.600.600.180/006W5FBnly8ho5kc1d16kj30go0goq3o.jpg?KID=imgbed,tva&Expires=1770838584&ssig=LSSzizCpMX"
5265234149509743,1770841907,2026-02-11 20:31:47+08:00,5265228969285144,曼城用20年打磨战术纪律，比亚迪用20年死磕三电自研——真正的王者，从来只信长期主义！,0,0,1770827784233,上海,5265234149509743,6220414040,凯尔特人球迷俱乐部,m,https://m.weibo.cn/u/6220414040?launchid=10000360-page_H5,"https://tvax4.sinaimg.cn/crop.0.0.664.664.180/006MYdQIly8gdipodmqwoj30ig0igwfi.jpg?KID=imgbed,tva&Expires=1770838584&ssig=7TCwCK9Biz"
5265233277094286,1770841699,2026-02-11 20:28:19+08:00,5265228969285144,速度与绿能共振，冠军精神和科技信仰同频——这才是2024该有的顶流联名！,0,0,1770827784235,黑龙江,5265233277094286,3082734050,中国篮球队粉丝俱乐部,m,https://m.weibo.cn/u/3082734050?launchid=10000360-page_H5,"https://tvax1.sinaimg.cn/crop.0.0.1080.1080.180/b7bec9e2ly8gdi5y9182qj20u00u0q5x.jpg?KID=imgbed,tva&Expires=1770838584&ssig=US6SbLS7fM"
5265232849014992,1770841597,2026-02-11 20:26:37+08:00,5265228969285144,速度＋精准＋绿色＋坚持＝蓝月风暴×刀片电池，冠军DNA直接对上！,0,0,1770827784238,黑龙江,5265232849014992,6355176061,地球不重启体育梦不熄,m,https://m.weibo.cn/u/6355176061?launchid=10000360-page_H5,"https://tvax3.sinaimg.cn/crop.0.0.681.681.180/006W5FBHly8fo06pqc6tlj30ix0ixwfk.jpg?KID=imgbed,tva&Expires=1770838584&ssig=jNyJkHvCya"
5265231632927453,1770841307,2026-02-11 20:21:47+08:00,5265228969285144,蓝月风暴撞上刀片电池，绿动全球的硬核浪漫，看得我起鸡皮疙瘩了！,0,0,1770827784241,黑龙江,5265231632927453,6355176061,地球不重启体育梦不熄,m,https://m.weibo.cn/u/6355176061?launchid=10000360-page_H5,"https://tvax3.sinaimg.cn/crop.0.0.681.681.180/006W5FBHly8fo06pqc6tlj30ix0ixwfk.jpg?KID=imgbed,tva&Expires=1770838584&ssig=jNyJkHvCya"
5265234329866563,1770841950,2026-02-11 20:32:30+08:00,5265228969285144,安全和市占率🏆,0,0,1770827784243,中国,5265234329866563,6228298461,指尖的阳光暖我心,f,https://m.weibo.cn/u/6228298461?launchid=10000360-page_H5,"https://tvax3.sinaimg.cn/crop.0.0.600.600.180/006NviWNly8hnzv9c3r3mj30go0gojtc.jpg?KID=imgbed,tva&Expires=1770838584&ssig=kaTYwBxYYt"
5265232051053375,1770841407,2026-02-11 20:23:27+08:00,5265226162507177,这次合作真给国产品牌争光!🦌🛒,1,19,1770827788513,青海,5265232051053375,1424620714,华子41了,m,https://m.weibo.cn/u/1424620714?launchid=10000360-page_H5,"https://tva3.sinaimg.cn/crop.0.0.180.180.180/54e9fcaajw1e8qgp5bmzyj2050050aa8.jpg?KID=imgbed,tva&Expires=1770838588&ssig=UB4Y9V%2FkXv"
5265245087994026,1770844515,2026-02-11 21:15:15+08:00,5265226162507177,比亚迪就是好,1,1,1770827788515,山西,5265245087994026,5910101418,人生如梦锦鲤版,f,https://m.weibo.cn/u/5910101418?launchid=10000360-page_H5,"https://tvax4.sinaimg.cn/crop.0.0.1080.1080.180/006rYbmqly8i9mtkr0gbsj30u00u00u6.jpg?KID=imgbed,tva&Expires=1770838588&ssig=vGApWdQZpY"
5265232331278020,1770841474,2026-02-11 20:24:34+08:00,5265226162507177,狂喜啊,0,4,1770827788517,河北,5265232331278020,5642321888,迪小小1117,f,https://m.weibo.cn/u/5642321888?launchid=10000360-page_H5,"https://tvax4.sinaimg.cn/crop.0.0.512.512.180/0069QBFKly8h6pw1ynp2dj30e80e8js3.jpg?KID=imgbed,tva&Expires=1770838588&ssig=uUfwibEe0h"
5265242699597980,1770843946,2026-02-11 21:05:46+08:00,5265226162507177,太厉害了,0,0,1770827788520,海南,5265242699597980,7867962406,鸡肉蛋堡,f,https://m.weibo.cn/u/7867962406?launchid=10000360-page_H5,"https://tvax4.sinaimg.cn/crop.0.0.960.960.180/008Atarsly8i7e6swtbjnj30qo0qoq5f.jpg?KID=imgbed,tva&Expires=1770838588&ssig=vmODpN5%2FVy"
5265281670975248,1770853237,2026-02-11 23:40:37+08:00,5265226162507177,中国品牌走向世界真的让人自豪,0,0,1770827788523,重庆,5265281670975248,7952615775,爱你可爱纯粹,f,https://m.weibo.cn/u/7952615775?launchid=10000360-page_H5,"https://tvax4.sinaimg.cn/crop.0.0.1080.1080.180/008GcmEnly8ia5ra1y01bj30u00u0acb.jpg?KID=imgbed,tva&Expires=1770838588&ssig=lu3KzMRsgG"
5265281582891715,1770853215,2026-02-11 23:40:15+08:00,5265226162507177,世界看见中国的背后是不断的突破,0,0,1770827788525,重庆,5265281582891715,7911577801,你也喜欢修狗勾吗,f,https://m.weibo.cn/u/7911577801?launchid=10000360-page_H5,"https://tvax1.sinaimg.cn/crop.0.0.1080.1080.180/008DqaNzly8ia5pfz2r5rj30u00u00uf.jpg?KID=imgbed,tva&Expires=1770838588&ssig=QCg1s1gDJ%2F"
5265281524173035,1770853202,2026-02-11 23:40:02+08:00,5265226162507177,每一次突破都离不开坚持,0,0,1770827788527,重庆,5265281524173035,7934078685,芝心喵薄荷,f,https://m.weibo.cn/u/7934078685?launchid=10000360-page_H5,"https://tvax2.sinaimg.cn/crop.0.0.1080.1080.180/008EWAj3ly8i9w54ih4tdj30u00u0di8.jpg?KID=imgbed,tva&Expires=1770838588&ssig=%2B%2FRWudOS0e"
5265281481969525,1770853192,2026-02-11 23:39:52+08:00,5265226162507177,品牌出海从走出去到走上去,0,0,1770827788529,重庆,5265281481969525,7952615800,耳机里听达尔文,f,https://m.weibo.cn/u/7952615800?launchid=10000360-page_H5,"https://tvax2.sinaimg.cn/crop.0.0.1080.1080.180/008GcmEMly8ia5rae9gpqj30u00u0gpy.jpg?KID=imgbed,tva&Expires=1770838588&ssig=T%2B2XH37ybi"
5265246055044480,1770844746,2026-02-11 21:19:06+08:00,5265226162507177,很不错哦,0,0,1770827788532,四川,5265246055044480,7828628219,残夏有家了,m,https://m.weibo.cn/u/7828628219?launchid=10000360-page_H5,"https://tvax3.sinaimg.cn/crop.0.0.716.716.180/008xO7P5ly8hyzinpb1kqj30jw0jw3zk.jpg?KID=imgbed,tva&Expires=1770838588&ssig=KvZdLlglSF"
5265286019424048,1770854274,2026-02-11 23:57:54+08:00,5265226162507177,哎呦喂！了不得了！,0,0,1770827788534,北京,5265286019424048,1339392523,gongan,m,https://m.weibo.cn/u/1339392523?launchid=10000360-page_H5,"https://tva4.sinaimg.cn/crop.0.0.180.180.180/4fd5820bjw1e8qgp5bmzyj2050050aa8.jpg?KID=imgbed,tva&Expires=1770838588&ssig=NMYbyshWGd"
5265244607742929,1770844401,2026-02-11 21:13:21+08:00,5265121341343002,比亚迪也太给力了,0,0,1770827792914,山东,5265244607742929,3743994925,达令_Echo,f,https://m.weibo.cn/u/3743994925?launchid=10000360-page_H5,"https://tvax2.sinaimg.cn/crop.0.0.1080.1080.180/df28d42dly8i0edcivifzj20u00u0wfp.jpg?KID=imgbed,tva&Expires=1770838592&ssig=dmW5vN786R"
5265278128622329,1770852393,2026-02-11 23:26:33+08:00,5265121341343002,没错，说的非常对呀,0,0,1770827792917,广东,5265278128622329,7928246714,Y鑫鑫酱,f,https://m.weibo.cn/u/7928246714?launchid=10000360-page_H5,"https://tvax3.sinaimg.cn/crop.0.0.1080.1080.180/008Ey790ly8hqxbtbmi9mj30u00u0q5m.jpg?KID=imgbed,tva&Expires=1770838592&ssig=nnupTE%2Fohh"
5265277904487780,1770852339,2026-02-11 23:25:39+08:00,5265121341343002,真的很不错啊,0,0,1770827792919,广东,5265277904487780,7931384614,青春还未过半,f,https://m.weibo.cn/u/7931384614?launchid=10000360-page_H5,"https://tvax2.sinaimg.cn/crop.0.0.708.708.180/008ELhsily8hrc1m1ypoxj30jo0joab2.jpg?KID=imgbed,tva&Expires=1770838592&ssig=fjhE8AFWUV"
5265277636052713,1770852275,2026-02-11 23:24:35+08:00,5265121341343002,看起来真的很不错啊,0,0,1770827792921,广东,5265277636052713,5532485369,冬日奶面包,f,https://m.weibo.cn/u/5532485369?launchid=10000360-page_H5,"https://tvax3.sinaimg.cn/crop.0.0.1080.1080.180/0062pKaZly8i7cw0jvqg4j30u00u0jvy.jpg?KID=imgbed,tva&Expires=1770838592&ssig=65psz99xTB"
5265243651440834,1770844172,2026-02-11 21:09:32+08:00,5265121341343002,很好,0,0,1770827792924,河南,5265243651440834,5719110429,五月晴空岁月,m,https://m.weibo.cn/u/5719110429?launchid=10000360-page_H5,"https://tvax2.sinaimg.cn/crop.0.0.640.640.180/006f2NSBly8h078as9bvmj30hs0hsq47.jpg?KID=imgbed,tva&Expires=1770838592&ssig=oDILCtuvWM"
5265243441728393,1770844123,2026-02-11 21:08:43+08:00,5265121341343002,,0,0,1770827792926,河北,5265243441728393,5465026629,Ooodq123,f,https://m.weibo.cn/u/5465026629?launchid=10000360-page_H5,"https://tva2.sinaimg.cn/crop.0.0.80.80.180/005XQH4Njw8eo1553i862j3028028q2p.jpg?KID=imgbed,tva&Expires=1770838592&ssig=DDO%2Bm2vKMV"
5265243425215096,1770844119,2026-02-11 21:08:39+08:00,5265121341343002,高端大气上档次,0,0,1770827792929,广东,5265243425215096,6839600660,饭醉咸鱼人_,m,https://m.weibo.cn/u/6839600660?launchid=10000360-page_H5,"https://tvax2.sinaimg.cn/crop.0.180.1080.1080.180/007sSgzGly8i9v6q9wec2j30u0140n1s.jpg?KID=imgbed,tva&Expires=1770838592&ssig=0gbGxLGv9T"
5265243410272191,1770844115,2026-02-11 21:08:35+08:00,5265121341343002,，再到售后，整个过程舒服、踏实，才是真的刚需,0,0,1770827792932,河北,5265243410272191,7893636623,风格和通,m,https://m.weibo.cn/u/7893636623?launchid=10000360-page_H5,"https://tvax3.sinaimg.cn/crop.0.0.1080.1080.180/008CcTtJly8i93r540tdcj30u00u00w0.jpg?KID=imgbed,tva&Expires=1770838592&ssig=YUobGz%2F8od"
5265211717848019,1770836559,2026-02-11 19:02:39+08:00,5265121341343002,,0,0,1770827792934,河北,5265211717848019,5529135802,失落亦如此,f,https://m.weibo.cn/u/5529135802?launchid=10000360-page_H5,"https://tvax2.sinaimg.cn/crop.0.0.1080.1080.180/0062bGNIly8hsmpcvveewj30u00u00sn.jpg?KID=imgbed,tva&Expires=1770838592&ssig=zs7z4vmCNc"
5265211686916282,1770836552,2026-02-11 19:02:32+08:00,5265121341343002,不了,0,0,1770827792936,河南,5265211686916282,7702839632,秋曰未央,f,https://m.weibo.cn/u/7702839632?launchid=10000360-page_H5,"https://tvax4.sinaimg.cn/crop.0.0.664.664.180/008piksUly8h05yx0zvnvj30ig0ig3zh.jpg?KID=imgbed,tva&Expires=1770838592&ssig=pnSuZHJ9Mq"
5264737501184947,1770723497,2026-02-10 11:38:17+08:00,5264726574760839,让出行回归简约，让生活拥抱自然！,1,1,1770827812174,内蒙古,5264737501184947,2670935900,小市民很老,m,https://m.weibo.cn/u/2670935900?launchid=10000360-page_H5,"https://tva1.sinaimg.cn/crop.0.0.1002.1002.180/9f333f5cjw8fa4d5puc3ij20ru0ru76o.jpg?KID=imgbed,tva&Expires=1770838612&ssig=%2FmW2GepX5r"
5265019102823749,1770790636,2026-02-11 06:17:16+08:00,5264726574760839,绿色出行好,1,0,1770827812177,江苏,5265019102823749,1740966470,爱生活的龟小仙a,f,https://m.weibo.cn/u/1740966470?launchid=10000360-page_H5,"https://tvax4.sinaimg.cn/crop.0.0.1003.1003.180/67c50a46ly8hzpq4gta4wj20rw0rvmzo.jpg?KID=imgbed,tva&Expires=1770838612&ssig=ggWF3wJFdh"
5264807815022229,1770740261,2026-02-10 16:17:41+08:00,5264801892403070,#京环资讯#【今日#小年#解锁清新过年的N种方式】,0,0,1770827816394,,5264807815022229,3338103632,东城生态环境,m,https://m.weibo.cn/u/3338103632?launchid=10000360-page_H5,"https://tvax4.sinaimg.cn/crop.0.0.600.600.180/c6f76b50ly8h90ype90rcj20go0gogmw.jpg?KID=imgbed,tva&Expires=1770838616&ssig=0I7lDFG3X9"
5264831110188223,1770745815,2026-02-10 17:50:15+08:00,5264801892403070,今晚要光盘哦,0,0,1770827816396,广东,5264831110188223,5339800839,Yan141023,f,https://m.weibo.cn/u/5339800839?launchid=10000360-page_H5,"https://tvax4.sinaimg.cn/crop.0.0.1080.1080.180/005Png7Zly8hlkscrxbqsj30u00u0n1a.jpg?KID=imgbed,tva&Expires=1770838616&ssig=2MrIF5zAf6"
5264873978069738,1770756035,2026-02-10 20:40:35+08:00,5264753192863111,小年了欢欢喜喜过小年，开开心心迎新年,1,0,1770827820639,陕西,5264873978069738,3038801145,文秀佳,f,https://m.weibo.cn/u/3038801145?launchid=10000360-page_H5,"https://tvax3.sinaimg.cn/crop.0.0.1080.1080.180/b5206cf9ly8h4gzrterlcj20u00u041l.jpg?KID=imgbed,tva&Expires=1770838620&ssig=6w05GsnfGt"
5264796461305758,1770737554,2026-02-10 15:32:34+08:00,5264753192863111,小年吉祥,1,0,1770827820641,天津,5264796461305758,3387074344,娮可,f,https://m.weibo.cn/u/3387074344?launchid=10000360-page_H5,"https://tvax4.sinaimg.cn/crop.0.0.1024.1024.180/c9e2a728ly8hz8rh2etcyj20sg0sgace.jpg?KID=imgbed,tva&Expires=1770838620&ssig=0BVyO%2BnuLA"
5265270370733564,1770850543,2026-02-11 22:55:43+08:00,5265153236927371,腾势Z9GT这个绿色的车漆质感还是挺高级的,0,0,1770827824894,江西,5265270370733564,6861903572,落雨踢波57,m,https://m.weibo.cn/u/6861903572?launchid=10000360-page_H5,"https://tvax1.sinaimg.cn/crop.0.0.1080.1080.180/007unQA4ly8i8ptqq9b27j30u00u076f.jpg?KID=imgbed,tva&Expires=1770838624&ssig=Ede%2FnZc1xi"
5265226878684724,1770840174,2026-02-11 20:02:54+08:00,5265153236927371,新年新气象，腾势Z9GT这马年寓意十足，绿意驰骋千里不是梦。,0,0,1770827824897,广东,5265226878684724,7782384932,嘟嘟囔囔拉拉裤,f,https://m.weibo.cn/u/7782384932?launchid=10000360-page_H5,"https://tvax1.sinaimg.cn/crop.0.0.512.512.180/008uG5PCly8hg3g19jc2vj30e80e8q3t.jpg?KID=imgbed,tva&Expires=1770838624&ssig=GtMMX%2FO3Oj"
5264878681981884,1770757156,2026-02-10 20:59:16+08:00,5264878185222046,完了俺家有延迟，还没看到哈哈哈哈哈,1,8,1770827913160,山东,5264878681981884,5141853546,楽雾Lu,f,https://m.weibo.cn/u/5141853546?launchid=10000360-page_H5,"https://tvax1.sinaimg.cn/crop.0.0.1080.1080.180/005BYGZIly8ia6dcap3usj30u00u0jua.jpg?KID=imgbed,tva&Expires=1770838713&ssig=7BGVZdV0iL"
5264883174343172,1770758227,2026-02-10 21:17:07+08:00,5264878185222046,看完了竟然是发电机  吧,1,3,1770827913192,河北,5264883174343172,5654544276,魜rens,f,https://m.weibo.cn/u/5654544276?launchid=10000360-page_H5,"https://tvax2.sinaimg.cn/crop.0.0.664.664.180/006aFTh2ly8gh6mmwbrhij30ig0ig0t5.jpg?KID=imgbed,tva&Expires=1770838713&ssig=C%2F3QWYZLKV"
5264878971394462,1770757226,2026-02-10 21:00:26+08:00,5264878185222046,这是刚迈一步呢 人生还有百里,0,8,1770827913194,广东,5264878971394462,5874902313,-森幻w,f,https://m.weibo.cn/u/5874902313?launchid=10000360-page_H5,"https://tvax1.sinaimg.cn/crop.0.0.1080.1080.180/006pAusVly8hfv8qu4lmvj30u00u0go2.jpg?KID=imgbed,tva&Expires=1770838713&ssig=SYnZhfXAEY"
5264882060761081,1770757963,2026-02-10 21:12:43+08:00,5264878185222046,看到了！太棒啦,0,1,1770827913196,北京,5264882060761081,7765248222,Yy晚鱼,f,https://m.weibo.cn/u/7765248222?launchid=10000360-page_H5,"https://tvax1.sinaimg.cn/crop.0.0.1076.1076.180/008twbN4ly8i13u6az2vpj30tw0twdia.jpg?KID=imgbed,tva&Expires=1770838713&ssig=61oj5p88eC"
5264879659518028,1770757389,2026-02-10 21:03:09+08:00,5264878185222046,这个敏感小孩也上过央视啦！,0,1,1770827913199,北京,5264879659518028,6991196999,管ta什么看法,f,https://m.weibo.cn/u/6991196999?launchid=10000360-page_H5,"https://tvax1.sinaimg.cn/crop.0.0.1080.1080.180/007D8lHVly8i12nobsqubj30u00u00wr.jpg?KID=imgbed,tva&Expires=1770838713&ssig=QST7z%2Fu%2FYO"
5264884351634636,1770758509,2026-02-10 21:21:49+08:00,5264878185222046,好棒,0,0,1770827913201,广东,5264884351634636,5603265297,靠谱的马铃薯ouo,f,https://m.weibo.cn/u/5603265297?launchid=10000360-page_H5,"https://tvax1.sinaimg.cn/crop.0.0.1080.1080.180/0067cJgJly8ia6ynj8wuhj30u00u0mxu.jpg?KID=imgbed,tva&Expires=1770838713&ssig=DjncPrcYYK"
5264881112585402,1770757737,2026-02-10 21:08:57+08:00,5264878185222046,好棒,0,0,1770827913204,黑龙江,5264881112585402,7621730984,烦啊不想听,f,https://m.weibo.cn/u/7621730984?launchid=10000360-page_H5,"https://tvax3.sinaimg.cn/crop.0.0.1079.1079.180/008jO0oUly8i7wy6ktqr7j30tz0u0769.jpg?KID=imgbed,tva&Expires=1770838713&ssig=U5twiyKyt%2F"
5264881007986506,1770757712,2026-02-10 21:08:32+08:00,5264878185222046,这次改的很好！！,0,1,1770827913207,广东,5264881007986506,5231705590,尓末月溪_,f,https://m.weibo.cn/u/5231705590?launchid=10000360-page_H5,"https://tvax3.sinaimg.cn/crop.0.0.783.783.180/005I3HCely8hy394pfp7aj30lr0lr3yy.jpg?KID=imgbed,tva&Expires=1770838713&ssig=IEecCVIdfh"
5264880185903969,1770757516,2026-02-10 21:05:16+08:00,5264878185222046,我不行了,0,0,1770827913209,上海,5264880185903969,7774426160,Ys7_EL,f,https://m.weibo.cn/u/7774426160?launchid=10000360-page_H5,"https://tvax3.sinaimg.cn/crop.0.0.736.736.180/008u8Hokly8i5u6vmex2gj30kg0kgmy1.jpg?KID=imgbed,tva&Expires=1770838713&ssig=%2BA53ZXurk4"
5264878856044588,1770757198,2026-02-10 20:59:58+08:00,5264878185222046,好快啊！我有延迟还没看到,0,0,1770827913211,云南,5264878856044588,7934522731,一粒小星饼,f,https://m.weibo.cn/u/7934522731?launchid=10000360-page_H5,"https://tvax3.sinaimg.cn/crop.0.1.1078.1078.180/008EYrP5ly8i6gq45xrxuj30ty0u043k.jpg?KID=imgbed,tva&Expires=1770838713&ssig=4lPuXMHfxG"
5264008313569692,1770549644,2026-02-08 11:20:44+08:00,5264006287986510, 抽象解压不违和🤩自嗨本事在手，快乐我有,0,0,1770827917422,浙江,5264008313569692,7555148533,巫婆的快乐,f,https://m.weibo.cn/u/7555148533?launchid=10000360-page_H5,"https://tvax2.sinaimg.cn/crop.0.0.664.664.180/008fiDgply8gqp70g1u1pj30ig0igdgc.jpg?KID=imgbed,tva&Expires=1770838717&ssig=we5j19RRvn"
5264008292861973,1770549640,2026-02-08 11:20:40+08:00,5264006287986510,抽象确实是我们这代人的社交密码,0,0,1770827917424,河南,5264008292861973,7957284245,就是很爱吃冰淇淋,f,https://m.weibo.cn/u/7957284245?launchid=10000360-page_H5,"https://tvax3.sinaimg.cn/crop.0.628.1080.1080.180/008GvX8hly8huxpumabgtj30u01sxq97.jpg?KID=imgbed,tva&Expires=1770838717&ssig=hFs3EfQS%2BQ"
5264008188005875,1770549615,2026-02-08 11:20:15+08:00,5264006287986510,我和朋友聊天全靠抽象表情包才能接上话,0,0,1770827917427,河南,5264008188005875,7866780097,那你说还能怎么办呢,f,https://m.weibo.cn/u/7866780097?launchid=10000360-page_H5,"https://tvax4.sinaimg.cn/crop.0.0.1078.1078.180/008AocRXly8hhcc2xmwhlj30ty0ty75y.jpg?KID=imgbed,tva&Expires=1770838717&ssig=gu7cBe%2BPOM"
5264008544259728,1770549700,2026-02-08 11:21:40+08:00,5264006287986510,跟同好聊抽象梗的时候感觉特别有归属感,0,0,1770827917429,河南,5264008544259728,8213568211,和和美美的生活,f,https://m.weibo.cn/u/8213568211?launchid=10000360-page_H5,"https://tvax3.sinaimg.cn/crop.0.0.1080.1080.180/008XRiiDly8i72je5grgaj30u00u0whp.jpg?KID=imgbed,tva&Expires=1770838717&ssig=mOMtBUpzAI"
5264008395621277,1770549665,2026-02-08 11:21:05+08:00,5264006287986510,刷到抽象内容就像找到组织一样亲切,0,0,1770827917432,河南,5264008395621277,8293896139,其实我不知道干什么,m,https://m.weibo.cn/u/8293896139?launchid=10000360-page_H5,"https://tvax4.sinaimg.cn/crop.0.0.1080.1080.180/0093ilgnly8i72iunz5t7j30u00u0q71.jpg?KID=imgbed,tva&Expires=1770838717&ssig=W%2FPYUMYjzY"
5264008643087951,1770549724,2026-02-08 11:22:04+08:00,5264006287986510,抽象文化让我在虚拟世界找到真实的情感连接,0,0,1770827917434,河南,5264008643087951,6483818421,想想就觉得特别开心,f,https://m.weibo.cn/u/6483818421?launchid=10000360-page_H5,"https://tvax2.sinaimg.cn/crop.0.0.1080.1080.180/0074Nrmtly8i73ylpq2j1j30u00u0jsv.jpg?KID=imgbed,tva&Expires=1770838717&ssig=dn%2FNhJcmLw"
5264008536132276,1770549698,2026-02-08 11:21:38+08:00,5264006287986510,抽象式自愈超可🥳能逗乐自己，就是真本事,0,0,1770827917437,浙江,5264008536132276,7966454115,绵羊咩咩小卷毛,f,https://m.weibo.cn/u/7966454115?launchid=10000360-page_H5,"https://tvax3.sinaimg.cn/crop.0.0.700.700.180/008H8qDply8hwey5c6m7nj30jg0jgwf7.jpg?KID=imgbed,tva&Expires=1770838717&ssig=32Egj6u3ty"
5264008051428871,1770549583,2026-02-08 11:19:43+08:00,5264006287986510,无厘头逗自己开心🤪不妨碍别人，解压超合适,0,0,1770827917439,浙江,5264008051428871,7946254188,包包豆豆傻憨憨,f,https://m.weibo.cn/u/7946254188?launchid=10000360-page_H5,"https://tvax4.sinaimg.cn/crop.0.0.1080.1080.180/008FLFI8ly8ht9db371zwj30u00u0djc.jpg?KID=imgbed,tva&Expires=1770838717&ssig=1LHpMBKfFs"
5264007821002130,1770549528,2026-02-08 11:18:48+08:00,5264006287986510,能自嗨的抽象快乐😌不打扰谁，治愈自己就够了,0,0,1770827917441,浙江,5264007821002130,7881791337,鱼丸丸丸丸ys,f,https://m.weibo.cn/u/7881791337?launchid=10000360-page_H5,"https://tvax2.sinaimg.cn/crop.0.0.987.987.180/008BpbYJly8hpezqlx61bj30rf0rfwfd.jpg?KID=imgbed,tva&Expires=1770838717&ssig=pAPRUiYKmd"
5265259456630353,1770847941,2026-02-11 22:12:21+08:00,5265095469041216,汀汀和随身汀一起一路生花,0,1,1770827921698,浙江,5265259456630353,7895630559,汀宁el,f,https://m.weibo.cn/u/7895630559?launchid=10000360-page_H5,"https://tvax4.sinaimg.cn/crop.0.0.1080.1080.180/008ClgbZly8i92j1wpgq9j30u00u0mzs.jpg?KID=imgbed,tva&Expires=1770838721&ssig=FgE3r6c7X7"
5265132096848783,1770817575,2026-02-11 13:46:15+08:00,5265095469041216,等你的撕拉片@沙一汀EL,0,1,1770827921701,山东,5265132096848783,7772277930,ELyyy77,f,https://m.weibo.cn/u/7772277930?launchid=10000360-page_H5,"https://tvax4.sinaimg.cn/crop.0.0.1080.1080.180/008tZGxsly8i1tb4kgwvsj30u00u0tao.jpg?KID=imgbed,tva&Expires=1770838721&ssig=q0BM3imQGt"
5265121595100675,1770815072,2026-02-11 13:04:32+08:00,5265095469041216,呆呆的,0,0,1770827921703,湖北,5265121595100675,6587640460,耳东四大X,f,https://m.weibo.cn/u/6587640460?launchid=10000360-page_H5,"https://tvax2.sinaimg.cn/crop.0.0.1080.1080.180/007bP4duly8hloo7dj7lzj30u00u0gni.jpg?KID=imgbed,tva&Expires=1770838721&ssig=FF2RPUspzK"
5265109398065030,1770812164,2026-02-11 12:16:04+08:00,5265095469041216,好萌的汀 2026我们都会越来越好的,0,0,1770827921705,广东,5265109398065030,7088584572,风又起__,f,https://m.weibo.cn/u/7088584572?launchid=10000360-page_H5,"https://tvax1.sinaimg.cn/crop.0.0.700.700.180/007JIYFely8h2zlxbvvzhj30jg0jggma.jpg?KID=imgbed,tva&Expires=1770838721&ssig=Sa%2BmBUH8%2Fn"
5265095869596559,1770808938,2026-02-11 11:22:18+08:00,5265095469041216,汀汀祝你祝我们新的一年都健健康康顺顺利利#CCTV网络春晚# #爱你小孩唱出了Z世代的心声#,0,0,1770827921707,广东,5265095869596559,7564834818,小张在头疼_EL,f,https://m.weibo.cn/u/7564834818?launchid=10000360-page_H5,"https://tvax1.sinaimg.cn/crop.0.0.1080.1080.180/008fXh6Oly8i9zmnd7e3gj30u00u0tam.jpg?KID=imgbed,tva&Expires=1770838721&ssig=Byl4FQ0RF9"
5265095757922772,1770808912,2026-02-11 11:21:52+08:00,5265095469041216,,0,0,1770827921710,河南,5265095757922772,7569674894,波浪号用户艾克斯,f,https://m.weibo.cn/u/7569674894?launchid=10000360-page_H5,"https://tvax3.sinaimg.cn/crop.0.0.1080.1080.180/008ghAeyly8i8xvkh5bsqj30u00u0djv.jpg?KID=imgbed,tva&Expires=1770838721&ssig=nQHmJcH%2BWq"
5265095740361154,1770808908,2026-02-11 11:21:48+08:00,5265095469041216,那赶快催催这个ttgg去拍撕拉片,0,1,1770827921712,吉林,5265095740361154,7376680793,菇蘑吃不el,f,https://m.weibo.cn/u/7376680793?launchid=10000360-page_H5,"https://tvax3.sinaimg.cn/crop.0.0.512.512.180/0083dNEtly8i3vcauy2ytj30e80e8t93.jpg?KID=imgbed,tva&Expires=1770838721&ssig=QoT9%2BCpD%2Bt"
5265095747701528,1770808910,2026-02-11 11:21:50+08:00,5265095469041216,许愿可以多多见到沙一汀,0,0,1770827921715,河南,5265095747701528,7953827396,Yel汀,f,https://m.weibo.cn/u/7953827396?launchid=10000360-page_H5,"https://tvax2.sinaimg.cn/crop.0.0.1080.1080.180/008GhrQEly8i8wihzomc0j30u00u0ach.jpg?KID=imgbed,tva&Expires=1770838721&ssig=1a9Pp5aM4q"
5264901527306904,1770762603,2026-02-10 22:30:03+08:00,5264899865576925,井胧👣#爱你小孩唱出了Z世代的心声#  你走过的每一步都作数，都为了成为自己，终成此刻发光的你@我是井胧  小年快乐！,0,11,1770827926069,江苏,5264901527306904,7513444999,井胧官方后援会,m,https://m.weibo.cn/u/7513444999?launchid=10000360-page_H5,"https://tvax3.sinaimg.cn/crop.0.0.1080.1080.180/008ctEgLly8i3ag8zz481j30u00u0n09.jpg?KID=imgbed,tva&Expires=1770838726&ssig=bV6i7k6S5y"
5264900603779261,1770762384,2026-02-10 22:26:24+08:00,5264899865576925,你也辛苦啦！小年快乐,2,15,1770827926072,河南,5264900603779261,5051465051,MoonlitFly,f,https://m.weibo.cn/u/5051465051?launchid=10000360-page_H5,"https://tvax1.sinaimg.cn/crop.0.0.1080.1080.180/005vRqOLly8i995s3oqxmj30u00u0q3x.jpg?KID=imgbed,tva&Expires=1770838726&ssig=VPAVgoMPxq"
5264899936622135,1770762225,2026-02-10 22:23:45+08:00,5264899865576925,小嘴巴～～,2,9,1770827926074,河南,5264899936622135,5051465051,MoonlitFly,f,https://m.weibo.cn/u/5051465051?launchid=10000360-page_H5,"https://tvax1.sinaimg.cn/crop.0.0.1080.1080.180/005vRqOLly8i995s3oqxmj30u00u0q3x.jpg?KID=imgbed,tva&Expires=1770838726&ssig=VPAVgoMPxq"
5264900386457406,1770762332,2026-02-10 22:25:32+08:00,5264899865576925,小年快乐！,1,2,1770827926076,辽宁,5264900386457406,7608419060,赛博虾球会梦见电子狐狸吗,f,https://m.weibo.cn/u/7608419060?launchid=10000360-page_H5,"https://tvax4.sinaimg.cn/crop.0.0.665.665.180/008iU9msly8i9ztxo3evyj30ih0ihgny.jpg?KID=imgbed,tva&Expires=1770838726&ssig=Dj15iiCkZs"
5264899951565065,1770762228,2026-02-10 22:23:48+08:00,5264899865576925,唱得很好！小年快乐呀,0,1,1770827926079,辽宁,5264899951565065,7718788230,温风抹茶笺_,f,https://m.weibo.cn/u/7718788230?launchid=10000360-page_H5,"https://tvax3.sinaimg.cn/crop.0.0.1080.1080.180/008qnfqmly8i9765ipoqcj30u00u0tbn.jpg?KID=imgbed,tva&Expires=1770838726&ssig=RofnjSiwYG"
5264899951035452,1770762228,2026-02-10 22:23:48+08:00,5264899865576925,哥哥小年快乐,0,0,1770827926084,辽宁,5264899951035452,7728843986,Jing7L0ng7,f,https://m.weibo.cn/u/7728843986?launchid=10000360-page_H5,"https://tvax4.sinaimg.cn/crop.0.0.1023.1023.180/008r3rnYly8hfrs3x1iavj30sg0sfdhm.jpg?KID=imgbed,tva&Expires=1770838726&ssig=2UHsuF8aqP"
5264899979875266,1770762235,2026-02-10 22:23:55+08:00,5264899865576925,小年快乐🎉rap超级棒,0,1,1770827926086,辽宁,5264899979875266,7759621148,小晗尊嘟率,f,https://m.weibo.cn/u/7759621148?launchid=10000360-page_H5,"https://tvax1.sinaimg.cn/crop.0.0.895.895.180/008t8zVOly8i9xlcgr4mwj30ov0ov75x.jpg?KID=imgbed,tva&Expires=1770838726&ssig=ZT5wNNnVeK"
5264900310172537,1770762313,2026-02-10 22:25:13+08:00,5264899865576925,你走的每一步都算数,1,2,1770827926088,北京,5264900310172537,7238691863,限量水蒸蛋,f,https://m.weibo.cn/u/7238691863?launchid=10000360-page_H5,"https://tvax2.sinaimg.cn/crop.0.0.1080.1080.180/007TSOqzly8i5zf3109imj30u00u0whz.jpg?KID=imgbed,tva&Expires=1770838726&ssig=NvlsUI1Sak"
5264900299428426,1770762311,2026-02-10 22:25:11+08:00,5264899865576925,请继续大步往前走吧！身后有我们,1,2,1770827926090,辽宁,5264900299428426,7756447890,小朵0512,f,https://m.weibo.cn/u/7756447890?launchid=10000360-page_H5,"https://tvax1.sinaimg.cn/crop.0.0.1080.1080.180/008sVgqely8huhkblhyodj30u00u0jtm.jpg?KID=imgbed,tva&Expires=1770838726&ssig=qPJKrXRZR6"
5264901618532460,1770762625,2026-02-10 22:30:25+08:00,5264899865576925,晚安胧哥💤,1,2,1770827926093,山西,5264901618532460,7805813075,呆呆桃苏玖,f,https://m.weibo.cn/u/7805813075?launchid=10000360-page_H5,"https://tvax3.sinaimg.cn/crop.0.0.1080.1080.180/008wgoyTly8i61yykbgaoj30u00u0q5k.jpg?KID=imgbed,tva&Expires=1770838726&ssig=76YR1qek3U"
5265255455525127,1770846987,2026-02-11 21:56:27+08:00,5265254951160551,Z世代的音乐，就是这么带感！,0,0,1770827930275,AI吃瓜罗伯特,5265255455525127,5606716867,吃瓜罗伯特,f,https://m.weibo.cn/u/5606716867?launchid=10000360-page_H5,"https://tvax4.sinaimg.cn/crop.0.0.921.921.180/0067rdbdly8i7834vnb7hj30pl0pl404.jpg?KID=imgbed,tva&Expires=1770838730&ssig=XcYQInVmDl"
5265260443605709,1770848176,2026-02-11 22:16:16+08:00,5265254951160551,renee也算吧,0,3,1770827930277,广东,5265260443605709,3932187461,不会再认领粉籍惹,f,https://m.weibo.cn/u/3932187461?launchid=10000360-page_H5,"https://tvax2.sinaimg.cn/crop.0.0.1080.1080.180/ea606b45ly8ia5w6lh5kyj20u00u0jv8.jpg?KID=imgbed,tva&Expires=1770838730&ssig=9%2FNSkULeQ2"
5265280496570254,1770852957,2026-02-11 23:35:57+08:00,5265254951160551,豆豉,0,0,1770827930280,北京,5265280496570254,7581766647,粉黑情感咨询中介包邮,f,https://m.weibo.cn/u/7581766647?launchid=10000360-page_H5,"https://tvax3.sinaimg.cn/crop.0.0.1077.1077.180/008h6jQPly8i8sq4dp2cpj30tx0txmzu.jpg?KID=imgbed,tva&Expires=1770838730&ssig=wiAbcgkY8N"
5264896327156942,1770761364,2026-02-10 22:09:24+08:00,5264888087971601,这RAP给爷整个大活儿丁真井胧沙一汀武艺你们是懂说唱的！#CCTV网络春晚# 真的太炸了！,0,0,1770827934526,AI吃瓜罗伯特,5264896327156942,5606716867,吃瓜罗伯特,f,https://m.weibo.cn/u/5606716867?launchid=10000360-page_H5,"https://tvax4.sinaimg.cn/crop.0.0.921.921.180/0067rdbdly8i7834vnb7hj30pl0pl404.jpg?KID=imgbed,tva&Expires=1770838734&ssig=SSlsBXxxYG"
5264888739925725,1770759555,2026-02-10 21:39:15+08:00,5264888087971601,这段part 改的好赞,0,0,1770827934529,广东,5264888739925725,5231705590,尓末月溪_,f,https://m.weibo.cn/u/5231705590?launchid=10000360-page_H5,"https://tvax3.sinaimg.cn/crop.0.0.783.783.180/005I3HCely8hy394pfp7aj30lr0lr3yy.jpg?KID=imgbed,tva&Expires=1770838734&ssig=kkcOsJwd3%2B"
5264026310283311,1770553936,2026-02-08 12:32:16+08:00,5264025837374927,就看看不说话,0,4,1770827938801,广东,5264026310283311,7302907498,玩个球,m,https://m.weibo.cn/u/7302907498?launchid=10000360-page_H5,"https://tvax1.sinaimg.cn/crop.0.0.1080.1080.180/007YefQCly8hy6fnhtw01j30u00u00vo.jpg?KID=imgbed,tva&Expires=1770838738&ssig=jF%2Fc43F53G"
5264131632663377,1770579047,2026-02-08 19:30:47+08:00,5264025837374927,资本市场看到了Z世代站上舞台的新趋势,0,2,1770827938804,广东,5264131632663377,1854422147,早睡早起身体好的虫虫,m,https://m.weibo.cn/u/1854422147?launchid=10000360-page_H5,"https://tvax1.sinaimg.cn/crop.0.0.1035.1035.180/6e883c83ly8hsocxfeodqj20sr0srmzx.jpg?KID=imgbed,tva&Expires=1770838738&ssig=o5nF48Tzuw"
5264129959927454,1770578648,2026-02-08 19:24:08+08:00,5264025837374927,年轻一代在科技敏感度、数字化思维上的优势,0,2,1770827938806,广东,5264129959927454,7959796782,沧海一虫虫,m,https://m.weibo.cn/u/7959796782?launchid=10000360-page_H5,"https://tvax4.sinaimg.cn/crop.0.0.500.500.180/008GGuL4ly8hv5p2gzhskj30dw0dwwfl.jpg?KID=imgbed,tva&Expires=1770838738&ssig=%2BpzAnJ3VVz"
5264025852314371,1770553827,2026-02-08 12:30:27+08:00,5264025837374927,00后掌舵，A股新势力！金玺哥的学历背景令人印象深刻。,0,2,1770827938808,四川,5264025852314371,2187060764,甘肃王学鹏,m,https://m.weibo.cn/u/2187060764?launchid=10000360-page_H5,"https://tvax4.sinaimg.cn/crop.0.0.1080.1080.180/825be61cly8i6rv6ldizhj20u00u0413.jpg?KID=imgbed,tva&Expires=1770838738&ssig=FXUfw80w54"
5264132463138303,1770579245,2026-02-08 19:34:05+08:00,5264025837374927,这难道不是事实吗,0,1,1770827938812,河北,5264132463138303,1200344285,百丈冰花枝俏,f,https://m.weibo.cn/u/1200344285?launchid=10000360-page_H5,"https://tvax3.sinaimg.cn/crop.0.0.1080.1080.180/478bccddly8i7mgjou5hbj20u00u043m.jpg?KID=imgbed,tva&Expires=1770838738&ssig=oy%2BvTCYR%2Bh"
5264119508239358,1770576155,2026-02-08 18:42:35+08:00,5264025837374927,这是年少有为了吧,0,1,1770827938815,河北,5264119508239358,3867603893,万川映月7,m,https://m.weibo.cn/u/3867603893?launchid=10000360-page_H5,"https://tvax4.sinaimg.cn/crop.0.0.533.533.180/e686f3b5ly8i1fcuvuqkej20et0etmy4.jpg?KID=imgbed,tva&Expires=1770838738&ssig=p6q8ZyB856"
5264105074328713,1770572715,2026-02-08 17:45:15+08:00,5264025837374927,对啊，00后接棒是世袭吧,0,1,1770827938817,四川,5264105074328713,1950828835,美丽carefree,f,https://m.weibo.cn/u/1950828835?launchid=10000360-page_H5,"https://tvax2.sinaimg.cn/crop.0.0.1080.1080.180/74474923ly8hq5343fkx9j20u00u0mz6.jpg?KID=imgbed,tva&Expires=1770838738&ssig=WQdaVJG8lg"
5264081687937579,1770567138,2026-02-08 16:12:18+08:00,5264025837374927,🔥鸿铭股份26岁金玺接棒也是勇敢尝试希望越来越好,0,1,1770827938821,湖南,5264081687937579,2548825464,蝈蝈梦伴着花香飞翔,m,https://m.weibo.cn/u/2548825464?launchid=10000360-page_H5,"https://tvax2.sinaimg.cn/crop.0.0.512.512.180/97ebfd78ly8hqy3fnisozj20e80e8wfl.jpg?KID=imgbed,tva&Expires=1770838738&ssig=uMabBl62a2"
5264037082563109,1770556504,2026-02-08 13:15:04+08:00,5264025837374927,下午好dd,0,1,1770827938822,安徽,5264037082563109,7771126547,齐谐Kafukadesea,m,https://m.weibo.cn/u/7771126547?launchid=10000360-page_H5,"https://tvax3.sinaimg.cn/crop.0.1.1078.1078.180/008tUR0Lly8ia4tpsgenzj30ty0u0415.jpg?KID=imgbed,tva&Expires=1770838738&ssig=JzS2HNzlHf"
5264083914067095,1770567670,2026-02-08 16:21:10+08:00,5264025837374927,打破了外界对企二代“空降接班”的刻板印象,0,2,1770827938825,广东,5264083914067095,7998904238,好学小虫儿,f,https://m.weibo.cn/u/7998904238?launchid=10000360-page_H5,"https://tvax3.sinaimg.cn/crop.0.0.500.500.180/008JkAouly8i1df8pb3fyj30dw0dwmyd.jpg?KID=imgbed,tva&Expires=1770838738&ssig=qbAA6EXHOJ"
5264791763423140,1770736434,2026-02-10 15:13:54+08:00,5264462374243630,@我的Notion,0,0,1770827943167,陕西,5264791763423140,2334799593,唐酥酪,f,https://m.weibo.cn/u/2334799593?launchid=10000360-page_H5,"https://tva2.sinaimg.cn/crop.0.0.180.180.180/8b2a36e9jw8ejicjeldppj2050050dft.jpg?KID=imgbed,tva&Expires=1770838743&ssig=ZRNQOSQIOb"
5264464519627797,1770658412,2026-02-09 17:33:32+08:00,5264462374243630,,0,0,1770827943169,北京,5264464519627797,7077110074,猫通广大猴儿着急,m,https://m.weibo.cn/u/7077110074?launchid=10000360-page_H5,"https://tvax4.sinaimg.cn/crop.0.0.896.896.180/007IWPCGly8hclcqzbka6j30ow0owmzo.jpg?KID=imgbed,tva&Expires=1770838743&ssig=Hsqm8pxBx7"
5264894531471433,1770760936,2026-02-10 22:02:16+08:00,5264893085485168,可爱哦,0,0,1770827947466,贵州,5264894531471433,5710972827,别吃掉烤鱿鱼呀,f,https://m.weibo.cn/u/5710972827?launchid=10000360-page_H5,"https://tvax2.sinaimg.cn/crop.0.0.1080.1080.180/006euEUXgy1i9yiz90l5oj30u00u0q5p.jpg?KID=imgbed,tva&Expires=1770838747&ssig=KfsdJy0BUD"
5264895016701881,1770761052,2026-02-10 22:04:12+08:00,5264893085485168,感觉演的很开心哈哈哈哈哈哈,0,0,1770827947469,山东,5264895016701881,7772277930,ELyyy77,f,https://m.weibo.cn/u/7772277930?launchid=10000360-page_H5,"https://tvax4.sinaimg.cn/crop.0.0.1080.1080.180/008tZGxsly8i1tb4kgwvsj30u00u0tao.jpg?KID=imgbed,tva&Expires=1770838747&ssig=8HKzH%2BKSJ9"
5265066275638001,1770801883,2026-02-11 09:24:43+08:00,5264893085485168,萌,0,0,1770827947472,山西,5265066275638001,8009969962,三十三部曲,f,https://m.weibo.cn/u/8009969962?launchid=10000360-page_H5,"https://tvax2.sinaimg.cn/crop.0.0.1080.1080.180/008K515Uly8i4ul3vl0qhj30u00u0ju0.jpg?KID=imgbed,tva&Expires=1770838747&ssig=A5Qfru1Sf%2B"
5264893291008125,1770760640,2026-02-10 21:57:20+08:00,5264893085485168,想要汀小时候的样子,0,0,1770827947476,广东,5264893291008125,7998282086,慕汀悦,f,https://m.weibo.cn/u/7998282086?launchid=10000360-page_H5,"https://tvax3.sinaimg.cn/crop.0.0.1080.1080.180/008JhYxMly8i16u94n9d1j30u00u0jrf.jpg?KID=imgbed,tva&Expires=1770838747&ssig=CQy2Cpoiq1"
5264051283166878,1770559890,2026-02-08 14:11:30+08:00,5264051229950832,⋆𓈒⭒𝐓𝐨𝐤𝐮𝐧𝐨𝐘𝐮𝐬𝐡𝐢⋆｡˚໒꒱热帖创造机★SBS黑X数̅据̅领跑队内🩷不完全统计获〖𝟯𝟲〗条纯单人万贊热帖🍧两分半饭拍视频获队内最高【𝟯.𝟯𝘄贊＆𝟭.𝟴𝘄转】且持续上涨中🍥u酱与每个风格的适配度都是𝟙𝟘𝟘％♡⁠ต=᳐⦁⩊⦁=᳐*⚝,63,139,1770827951840,上海,5264051283166878,6137555007,Hiliiaty,f,https://m.weibo.cn/u/6137555007?launchid=10000360-page_H5,"https://tvax1.sinaimg.cn/crop.0.0.1080.1080.180/006HmyqHly8ia01vhza7nj30u00u00wa.jpg?KID=imgbed,tva&Expires=1770838751&ssig=EkWrWVQgjd"
5264051300468584,1770559894,2026-02-08 14:11:34+08:00,5264051229950832,yushi,56,127,1770827951843,上海,5264051300468584,6194604133,兔歪-,f,https://m.weibo.cn/u/6194604133?launchid=10000360-page_H5,"https://tvax3.sinaimg.cn/crop.0.0.1080.1080.180/006LdVvTly8ia5jx5o5rsj30u00u0wgf.jpg?KID=imgbed,tva&Expires=1770838751&ssig=rEEVirIgO6"
5264051299156553,1770559894,2026-02-08 14:11:34+08:00,5264051229950832,☆₊⁺ 𝐘𝐮𝐬𝐡𝐢得能勇志 ₊⁺★六代前列𝕋𝕆ℙ♟️25年黑X单人饭推不完全统计获万贊『𝟴𝟯𝟱条』▪️万转『𝟰𝟴条』▪️达成六代【不限男女＆最多】万贊记录📓登上「𝟏𝟐𝟓次韩趋＆𝟔次世趋」✦各项数̅据̅全面倍杀队内►当之无愧の全能𝐓𝐎𝐏ㅇㅇㅅ🖤,47,85,1770827951845,广西,5264051299156553,6451086722,钓猫效应,f,https://m.weibo.cn/u/6451086722?launchid=10000360-page_H5,"https://tvax1.sinaimg.cn/crop.0.0.1080.1080.180/0072A6lQly8i9ym6xch0rj30u00u0n0g.jpg?KID=imgbed,tva&Expires=1770838751&ssig=%2BqRKxcikD8"
5264051294700120,1770559893,2026-02-08 14:11:33+08:00,5264051229950832,☆₊⁺ 𝐘𝐮𝐬𝐡𝐢得能勇志 ₊⁺★六代前列𝕋𝕆ℙ♟️25年黑X单人饭推不完全统计获万贊『𝟴𝟯𝟱条』▪️万转『𝟰𝟴条』▪️达成六代【不限男女＆最多】万贊记录📓登上「𝟏𝟐𝟓次韩趋＆𝟔次世趋」✦各项数̅据̅全面倍杀队内►当之无愧の全能𝐓𝐎𝐏ㅇㅇㅅ🖤,46,62,1770827951848,贵州,5264051294700120,7683062558,圆妤枝,f,https://m.weibo.cn/u/7683062558?launchid=10000360-page_H5,"https://tvax2.sinaimg.cn/crop.0.0.1080.1080.180/008nXlxQly8i8u3v60104j30u00u0myw.jpg?KID=imgbed,tva&Expires=1770838751&ssig=LS24ujF%2BKD"
5264051283165706,1770559889,2026-02-08 14:11:29+08:00,5264051229950832,Ooh～I love it🥰poppop神之七秒出圈✨门面主rap前̼田̼陸̼💛愿曲𝑘𝑖𝑙𝑙𝑖𝑛𝑔 𝑝𝑎𝑟𝑡制造机💥生日韩趋❶❷条🎗世趋❶❸队内唯一韩文热趋🛎️2025年韩国生咖突破❼❹家不限男女不限代第❶💡真金白银&amp;泛人气两手抓🥇唯一🇰🇷𝐓𝐎𝐏就这样争气🔥,51,61,1770827951850,陕西,5264051283165706,2711753192,妹控天性,f,https://m.weibo.cn/u/2711753192?launchid=10000360-page_H5,"https://tvax3.sinaimg.cn/crop.0.0.1080.1080.180/a1a211e8ly8ia01vi18f9j20u00u0goj.jpg?KID=imgbed,tva&Expires=1770838751&ssig=Gknt%2FmkuP%2F"
5264051288410925,1770559891,2026-02-08 14:11:31+08:00,5264051229950832,✩₊˚𝐘𝐮𝐬𝐡𝐢得能勇志⋆⁺✧万贊富人★不完全统̋计̋偶运会获『𝟭𝟴条』万贊热帖🍏三天仁川巡演获『𝟯𝟬条』万贊热帖🍀MMA获『𝟮𝟴条』万贊热帖 🍃SBS获『𝟯𝟲条』万贊热帖🌿以上黑X数̅据̅均为【纯单人＆队内最高＆断̿层̿第一】tokunoの魅力远不止于此➹,32,58,1770827951853,江西,5264051288410925,7392522588,天资萌,f,https://m.weibo.cn/u/7392522588?launchid=10000360-page_H5,"https://tvax2.sinaimg.cn/crop.0.0.1080.1080.180/0084igPily8ia5wstg85jj30u00u0aco.jpg?KID=imgbed,tva&Expires=1770838751&ssig=VUVIBDqXTL"
5264068409820377,1770563973,2026-02-08 15:19:33+08:00,5264051229950832,𝐂𝐇𝐎𝐎 𝐂𝐇𝐎𝐎💥你已被锁定🔐是谁凭借完美表管蛊惑人心🏹️实物战神𝗦𝗶𝗼𝗻线下从不失手👋 𝐕𝐢𝐬𝐮𝐚𝐥 𝐂𝐞𝐧𝐭𝐞𝐫 吴是温今天也凭美貌闪耀舞台,5,31,1770827951855,山东,5264068409820377,8441230177,我就两只金毛_,f,https://m.weibo.cn/u/8441230177?launchid=10000360-page_H5,"https://tvax3.sinaimg.cn/crop.0.0.1080.1080.180/009dgxzPly8i9w2mewewpj30u00u0wh2.jpg?KID=imgbed,tva&Expires=1770838751&ssig=oqEcsdbjLR"
5264068350837818,1770563959,2026-02-08 15:19:19+08:00,5264051229950832,180亚长腿男子努古呀❓🫢线下被问爆的实物战神🔥𝙽𝙲𝚃 𝚆𝙸𝚂𝙷全能型小兔队长吴是温꒰ᐢ. .ᐢ꒱₊˚⊹ 氛围感美男🤎WVS营业劳模🤳媚粉天才🫠自拍水平🔝温温只需略施小计🥴美卡就这样手到擒来,5,30,1770827951858,山东,5264068350837818,8441230177,我就两只金毛_,f,https://m.weibo.cn/u/8441230177?launchid=10000360-page_H5,"https://tvax3.sinaimg.cn/crop.0.0.1080.1080.180/009dgxzPly8i9w2mewewpj30u00u0wh2.jpg?KID=imgbed,tva&Expires=1770838751&ssig=oqEcsdbjLR"
5264068296576225,1770563946,2026-02-08 15:19:06+08:00,5264051229950832,吴是温。,5,24,1770827951860,山东,5264068296576225,8441230177,我就两只金毛_,f,https://m.weibo.cn/u/8441230177?launchid=10000360-page_H5,"https://tvax3.sinaimg.cn/crop.0.0.1080.1080.180/009dgxzPly8i9w2mewewpj30u00u0wh2.jpg?KID=imgbed,tva&Expires=1770838751&ssig=oqEcsdbjLR"
5264074797483339,1770565496,2026-02-08 15:44:56+08:00,5264051229950832,前田陆,0,2,1770827951862,湖南,5264074797483339,5868280774,万法归一无剑胜有剑,m,https://m.weibo.cn/u/5868280774?launchid=10000360-page_H5,"https://tvax1.sinaimg.cn/crop.0.0.1080.1080.180/006p8HTUly8ia5uz1antvj30u00u0whf.jpg?KID=imgbed,tva&Expires=1770838751&ssig=4OEgX%2B7%2Bao"
5265295413347440,1770856514,2026-02-12 00:35:14+08:00,5265295247934561,马嘉祺,0,0,1770827956057,福建,5265295413347440,7802206013,是张鱼不是章鱼_,f,https://m.weibo.cn/u/7802206013?launchid=10000360-page_H5,"https://tvax4.sinaimg.cn/crop.0.0.1080.1080.180/008w1gctly8i88c62dutxj30u00u076k.jpg?KID=imgbed,tva&Expires=1770838756&ssig=CaHxYi5CBg"
5265291827482942,1770855659,2026-02-12 00:20:59+08:00,5265291472020865,马嘉祺,0,0,1770827990162,浙江,5265291827482942,7828079916,Ma_EchoK,f,https://m.weibo.cn/u/7828079916?launchid=10000360-page_H5,"https://tvax3.sinaimg.cn/crop.0.0.1080.1080.180/008xLPbuly8i8v20umzrpj30u00u00uz.jpg?KID=imgbed,tva&Expires=1770838790&ssig=O6ndx2v%2BJL"
5265291761422138,1770855643,2026-02-12 00:20:43+08:00,5265291472020865,马嘉祺,0,0,1770827990165,广东,5265291761422138,7828621178,Vacation-qx,f,https://m.weibo.cn/u/7828621178?launchid=10000360-page_H5,"https://tvax1.sinaimg.cn/crop.0.0.1080.1080.180/008xO5Zwly8hxsp3lh2mjj30u00u0q5t.jpg?KID=imgbed,tva&Expires=1770838790&ssig=oqJi7G7uLz"
5265291505304509,1770855581,2026-02-12 00:19:41+08:00,5265291472020865,#马嘉祺白杨#,0,0,1770827990167,江西,5265291505304509,7828393079,声音好听的小孩,m,https://m.weibo.cn/u/7828393079?launchid=10000360-page_H5,"https://tvax3.sinaimg.cn/crop.0.0.960.960.180/008xN8Evly8hc9iqvp1v7j30qo0qomyb.jpg?KID=imgbed,tva&Expires=1770838790&ssig=%2FcQZE5OAh1"
5265292250841731,1770855759,2026-02-12 00:22:39+08:00,5265291472020865,格式错误,0,0,1770827990170,广西,5265292250841731,7446962405,祺呆萌鼠7,f,https://m.weibo.cn/u/7446962405?launchid=10000360-page_H5,"https://tvax1.sinaimg.cn/crop.0.0.1080.1080.180/0087YH6Rly8ia5gz1j57nj30u00u0768.jpg?KID=imgbed,tva&Expires=1770838790&ssig=NVULBAvCsq"
5265291495866461,1770855579,2026-02-12 00:19:39+08:00,5265291472020865,,0,0,1770827990172,黑龙江,5265291495866461,7952559218,-萌真鸢祺,f,https://m.weibo.cn/u/7952559218?launchid=10000360-page_H5,"https://tvax4.sinaimg.cn/crop.0.0.1080.1080.180/008Gc7Waly8i9vhm46zc2j30u00u0n08.jpg?KID=imgbed,tva&Expires=1770838790&ssig=snXwcRMPrk"
5264318710943073,1770623650,2026-02-09 07:54:10+08:00,5263954993481383,植绿于心，昆明四季如春,1,2,1770833348347,湖南,5264318710943073,1164589025,fefe喆妈,f,https://m.weibo.cn/u/1164589025?launchid=10000360-page_H5,"https://tva4.sinaimg.cn/crop.0.0.180.180.180/456a37e1jw1e8qgp5bmzyj2050050aa8.jpg?KID=imgbed,tva&Expires=1770844148&ssig=9iMIOKnSmr"
5264200926500032,1770595568,2026-02-09 00:06:08+08:00,5263954993481383,蕴藏绿色未来的种子,1,1,1770833348350,北京,5264200926500032,1200416830,米兰de微博,f,https://m.weibo.cn/u/1200416830?launchid=10000360-page_H5,"https://tvax3.sinaimg.cn/crop.0.0.996.996.180/478ce83ely8gihx2mv33uj20ro0ro0za.jpg?KID=imgbed,tva&Expires=1770844148&ssig=Llgt9tTqX6"
5263958656418270,1770537805,2026-02-08 08:03:25+08:00,5263954993481383,#春风十里昆明有你#,1,2,1770833348353,云南,5263958656418270,6459775320,深一度,m,https://m.weibo.cn/u/6459775320?launchid=10000360-page_H5,"https://tvax1.sinaimg.cn/crop.0.0.1080.1080.180/0073ayEwly8hxj8an471mj30u00u078b.jpg?KID=imgbed,tva&Expires=1770844148&ssig=No6A6naaJP"
5264181012201478,1770590819,2026-02-08 22:46:59+08:00,5263954993481383,绿色生活,1,1,1770833348355,浙江,5264181012201478,1781285617,侯覚,m,https://m.weibo.cn/u/1781285617?launchid=10000360-page_H5,"https://tvax1.sinaimg.cn/crop.0.0.1080.1080.180/6a2c42f1ly8hszvbpqx51j20u00u043d.jpg?KID=imgbed,tva&Expires=1770844148&ssig=GdXyo4PwbC"
5264162538393042,1770586415,2026-02-08 21:33:35+08:00,5263954993481383,环保♻️,1,1,1770833348358,四川,5264162538393042,1558740084,简韵Cherry,f,https://m.weibo.cn/u/1558740084?launchid=10000360-page_H5,"https://tvax2.sinaimg.cn/crop.0.0.1067.1067.180/5ce87c74ly8i5c5fcnm13j20tn0tnach.jpg?KID=imgbed,tva&Expires=1770844148&ssig=mWljXqexkf"
5264159331587508,1770585651,2026-02-08 21:20:51+08:00,5263954993481383,支持低碳播种者。,1,1,1770833348360,陕西,5264159331587508,1277255972,乐游陕西梅朵,m,https://m.weibo.cn/u/1277255972?launchid=10000360-page_H5,"https://tvax1.sinaimg.cn/crop.0.0.643.643.180/4c216124ly8huztlwc8aaj20hv0hv3zs.jpg?KID=imgbed,tva&Expires=1770844148&ssig=IEzguGyo7X"
5264155650031857,1770584772,2026-02-08 21:06:12+08:00,5263954993481383,低碳，让生活更美好,1,1,1770833348362,陕西,5264155650031857,5089634923,马奇朵Mt,f,https://m.weibo.cn/u/5089634923?launchid=10000360-page_H5,"https://tvax3.sinaimg.cn/crop.0.0.1080.1080.180/005yrAxRly8i0n5mim1umj30u00u0428.jpg?KID=imgbed,tva&Expires=1770844148&ssig=67Xx%2FWLMBY"
5264139477844624,1770580916,2026-02-08 20:01:56+08:00,5263954993481383,让城市悄悄变好的身边人。,1,1,1770833348364,北京,5264139477844624,1590362291,空谷幽兰摄影旅行,f,https://m.weibo.cn/u/1590362291?launchid=10000360-page_H5,"https://tva4.sinaimg.cn/crop.0.104.600.600.180/5ecb00b3jw8fculuog9sej20gq0m8wgp.jpg?KID=imgbed,tva&Expires=1770844148&ssig=dOQPxko8tr"
5264116912750602,1770575536,2026-02-08 18:32:16+08:00,5263954993481383,春风十里，最美的风景，或许正藏在这些默默扎根、让城市悄悄变好的身边人之间。,1,1,1770833348366,北京,5264116912750602,1239478535,行者风雷,m,https://m.weibo.cn/u/1239478535?launchid=10000360-page_H5,"https://tvax3.sinaimg.cn/crop.0.0.1080.1080.180/49e0f107ly8hoesfknovyj20u00u0ace.jpg?KID=imgbed,tva&Expires=1770844148&ssig=pp1QBcX32N"
5264116629374525,1770575470,2026-02-08 18:31:10+08:00,5263954993481383,,1,1,1770833348368,云南,5264116629374525,120567,Sina王宁,m,https://m.weibo.cn/u/120567?launchid=10000360-page_H5,"https://tvax1.sinaimg.cn/crop.0.0.512.512.180/0001d6f7ly8g6lf9dqxitj20e80e8mxj.jpg?KID=imgbed,tva&Expires=1770844148&ssig=gVpTBEgjAx"
5263644673967700,1770462947,2026-02-07 11:15:47+08:00,5263483316999456, 周诗雨,0,1,1770833382348,委内瑞拉,5263644673967700,7943859251,JennyG202408,f,https://m.weibo.cn/u/7943859251?launchid=10000360-page_H5,"https://tvax1.sinaimg.cn/crop.0.1.1078.1078.180/008FBCG7ly8i4zr85h8s6j30ty0u0407.jpg?KID=imgbed,tva&Expires=1770844182&ssig=D1KnC96%2B%2B0"
5263762864999657,1770491126,2026-02-07 19:05:26+08:00,5263483316999456,周诗雨,0,0,1770833382350,北京,5263762864999657,9165706072,有萌味,f,https://m.weibo.cn/u/9165706072?launchid=10000360-page_H5,"https://tvax4.sinaimg.cn/crop.0.0.1080.1080.180/00a0imQUly8i9xvsrtgbaj30u00u0gng.jpg?KID=imgbed,tva&Expires=1770844182&ssig=e0TPieEehk"
5263639649977880,1770461749,2026-02-07 10:55:49+08:00,5263483316999456,,0,0,1770833382352,湖南,5263639649977880,8375276728,奕语栖霞,f,https://m.weibo.cn/u/8375276728?launchid=10000360-page_H5,"https://tvax3.sinaimg.cn/crop.0.0.1080.1080.180/0098NO4wly8i9hh4ldms9j30u00u00u9.jpg?KID=imgbed,tva&Expires=1770844182&ssig=5geyOK1OQO"
5263502019396796,1770428935,2026-02-07 01:48:55+08:00,5263483316999456,转发微博,0,0,1770833382354,江西,5263502019396796,8008294247,雨滴掉了,f,https://m.weibo.cn/u/8008294247?launchid=10000360-page_H5,"https://tvax1.sinaimg.cn/crop.0.0.828.828.180/008JXZafly8i96rxbia14j30n00n0785.jpg?KID=imgbed,tva&Expires=1770844182&ssig=0m1NYdeUf8"
5263484721038299,1770424810,2026-02-07 00:40:10+08:00,5263483316999456,第一,0,0,1770833382357,黑龙江,5263484721038299,8437090975,鳄_yu,f,https://m.weibo.cn/u/8437090975?launchid=10000360-page_H5,"https://tvax1.sinaimg.cn/crop.0.0.1080.1080.180/009cZaMvly8i5dm31vlb0j30u00u0tap.jpg?KID=imgbed,tva&Expires=1770844182&ssig=9SwnIAfoVk"
5263484720781225,1770424811,2026-02-07 00:40:11+08:00,5263483316999456,,0,0,1770833382359,意大利,5263484720781225,7973595452,mellinatre,f,https://m.weibo.cn/u/7973595452?launchid=10000360-page_H5,"https://tvax1.sinaimg.cn/crop.0.0.1080.1080.180/008HCoqgly8i3cerzwh8bj30u00u0q52.jpg?KID=imgbed,tva&Expires=1770844182&ssig=oAh4ULrbTI"
5263485673935610,1770425038,2026-02-07 00:43:58+08:00,5263483316999456,,0,1,1770833382362,重庆,5263485673935610,7771882560,枕你的枕头去-别枕我的,f,https://m.weibo.cn/u/7771882560?launchid=10000360-page_H5,"https://tvax2.sinaimg.cn/crop.0.0.1009.1009.180/008tY1Gwly8h4a4gm71xqj30s10s1q5n.jpg?KID=imgbed,tva&Expires=1770844182&ssig=MS3BuuAlOm"
5263714567586754,1770479611,2026-02-07 15:53:31+08:00,5263703211512315,这个设计解决了出行痛点,1,0,1770833386613,四川,5263714567586754,8011296909,精致打工仔,f,https://m.weibo.cn/u/8011296909?launchid=10000360-page_H5,"https://tvax4.sinaimg.cn/crop.0.0.230.230.180/008KaAihly8i5fkqn32spj306e06ea9z.jpg?KID=imgbed,tva&Expires=1770844186&ssig=Bsue8LVay3"
5263785486190050,1770496518,2026-02-07 20:35:18+08:00,5263703211512315,和蔚来的啥区别,2,1,1770833386615,浙江,5263785486190050,2273374215,吃油的猫,m,https://m.weibo.cn/u/2273374215?launchid=10000360-page_H5,"https://tva4.sinaimg.cn/crop.0.0.749.749.180/8780f007jw8fcbbncgr1xj20ku0ktgn0.jpg?KID=imgbed,tva&Expires=1770844186&ssig=6vxg2LB1aV"
5264323505031470,1770624793,2026-02-09 08:13:13+08:00,5263703211512315,拿了个王侯数，以后奇货可居,0,0,1770833386618,四川,5264323505031470,2892933147,仓伏技术,m,https://m.weibo.cn/u/2892933147?launchid=10000360-page_H5,"https://tvax2.sinaimg.cn/crop.0.0.1080.1080.180/ac6ea81bly8howbnxiaoej20u00u00v1.jpg?KID=imgbed,tva&Expires=1770844186&ssig=jRNL6kLejK"
5265230944801620,1770841143,2026-02-11 20:19:03+08:00,5265226619684867,太顶了！⚽⚡,0,0,1770833402277,黑龙江,5265230944801620,6355176061,地球不重启体育梦不熄,m,https://m.weibo.cn/u/6355176061?launchid=10000360-page_H5,"https://tvax3.sinaimg.cn/crop.0.0.681.681.180/006W5FBHly8fo06pqc6tlj30ix0ixwfk.jpg?KID=imgbed,tva&Expires=1770844202&ssig=61FcaIEojo"
5265230726962592,1770841091,2026-02-11 20:18:11+08:00,5265226619684867,太酷了！💙⚡,0,0,1770833402279,中国,5265230726962592,6355176019,伤口里都是戏,m,https://m.weibo.cn/u/6355176019?launchid=10000360-page_H5,"https://tvax1.sinaimg.cn/crop.0.0.600.600.180/006W5FB1ly8ho5j0dvym0j30go0goq3c.jpg?KID=imgbed,tva&Expires=1770844202&ssig=C5yasGuAZj"
5265229682573376,1770840841,2026-02-11 20:14:01+08:00,5265226619684867,从曼彻斯特的雨夜到全球的充电桩，冠军从不止一种赛道🏆🌍🔋,0,0,1770833402282,黑龙江,5265229682573376,6355176061,地球不重启体育梦不熄,m,https://m.weibo.cn/u/6355176061?launchid=10000360-page_H5,"https://tvax3.sinaimg.cn/crop.0.0.681.681.180/006W5FBHly8fo06pqc6tlj30ix0ixwfk.jpg?KID=imgbed,tva&Expires=1770844202&ssig=61FcaIEojo"
5265228961157814,1770840670,2026-02-11 20:11:10+08:00,5265226619684867,技术硬核×战术大师，从曼彻斯特到全世界，绿色冠军正在改写规则🌍⚡,0,0,1770833402284,黑龙江,5265228961157814,3082734050,中国篮球队粉丝俱乐部,m,https://m.weibo.cn/u/3082734050?launchid=10000360-page_H5,"https://tvax1.sinaimg.cn/crop.0.0.1080.1080.180/b7bec9e2ly8gdi5y9182qj20u00u0q5x.jpg?KID=imgbed,tva&Expires=1770844202&ssig=j9cTXctsnD"
5265228788929776,1770840629,2026-02-11 20:10:29+08:00,5265226619684867,从曼彻斯特的雨夜到全球街头的刀锋续航，冠军从不靠运气，只靠死磕到底的狠劲儿！🔥,0,0,1770833402287,安徽,5265228788929776,3082733290,凌空抽射齐达内,m,https://m.weibo.cn/u/3082733290?launchid=10000360-page_H5,"https://tvax2.sinaimg.cn/crop.0.0.1080.1080.180/b7bec6ealy8gnlosi0cmmj20u00u0jsq.jpg?KID=imgbed,tva&Expires=1770844202&ssig=vdXYGps4G0"
5265231716813720,1770841327,2026-02-11 20:22:07+08:00,5265226619684867,太强了！,0,0,1770833402290,上海,5265231716813720,6355176069,柠檬树上的少女成就未来,f,https://m.weibo.cn/u/6355176069?launchid=10000360-page_H5,"https://tvax2.sinaimg.cn/crop.0.0.600.600.180/006W5FBPly8ho5iy8fgxtj30go0gojss.jpg?KID=imgbed,tva&Expires=1770844202&ssig=Sjj4i5766y"
5265230818969030,1770841113,2026-02-11 20:18:33+08:00,5265226619684867,太酷了！！,0,0,1770833402293,北京,5265230818969030,6228298498,只爱喝红色可乐,m,https://m.weibo.cn/u/6228298498?launchid=10000360-page_H5,"https://tvax2.sinaimg.cn/crop.0.0.1080.1080.180/006NviXoly8gdlio0f3moj30u00u0q5k.jpg?KID=imgbed,tva&Expires=1770844202&ssig=h50lo%2FbglO"
5265230563117916,1770841052,2026-02-11 20:17:32+08:00,5265226619684867,哇！,0,100,1770833402296,中国,5265230563117916,6220414037,高科技的小魔术师,m,https://m.weibo.cn/u/6220414037?launchid=10000360-page_H5,"https://tvax1.sinaimg.cn/crop.0.0.512.512.180/006MYdQFly8ghq83kv90vj30e80e8aae.jpg?KID=imgbed,tva&Expires=1770844202&ssig=4Ty%2FspOHqS"
5265230513050227,1770841040,2026-02-11 20:17:20+08:00,5265226619684867,太顶了！🔥,0,0,1770833402300,上海,5265230513050227,6355176069,柠檬树上的少女成就未来,f,https://m.weibo.cn/u/6355176069?launchid=10000360-page_H5,"https://tvax2.sinaimg.cn/crop.0.0.600.600.180/006W5FBPly8ho5iy8fgxtj30go0gojss.jpg?KID=imgbed,tva&Expires=1770844202&ssig=Sjj4i5766y"
5265232303753983,1770841467,2026-02-11 20:24:27+08:00,5265226175877894,比亚迪的科技引领未来了,2,194,1770833436459,广东,5265232303753983,3716672477,墨江边,f,https://m.weibo.cn/u/3716672477?launchid=10000360-page_H5,"https://tvax2.sinaimg.cn/crop.0.0.996.996.180/dd87ebddly8gmdsag37lmj20ro0ro75b.jpg?KID=imgbed,tva&Expires=1770844236&ssig=Mmh6dOCyCM"
5265234660431464,1770842029,2026-02-11 20:33:49+08:00,5265226175877894,比亚迪，科技界的超级英雄！,0,93,1770833436462,河北,5265234660431464,7776962323,冠逸是我的唯一,f,https://m.weibo.cn/u/7776962323?launchid=10000360-page_H5,"https://tvax1.sinaimg.cn/crop.0.0.1080.1080.180/008ujlably8h4law7njcdj30u00u0whp.jpg?KID=imgbed,tva&Expires=1770844236&ssig=3z7G9v%2Fqyw"
5265234652566586,1770842027,2026-02-11 20:33:47+08:00,5265226175877894,中国智造闪耀英超赛场了,0,43,1770833436465,山东,5265234652566586,7044160061,ui08o,f,https://m.weibo.cn/u/7044160061?launchid=10000360-page_H5,"https://tvax2.sinaimg.cn/crop.0.0.1080.1080.180/007GIzORly8i94sl9mqogj30u00u0mzp.jpg?KID=imgbed,tva&Expires=1770844236&ssig=Se1KWf1Kz9"
5265234736191067,1770842047,2026-02-11 20:34:07+08:00,5265226175877894,这波蓝色风暴碰绿色科技,0,26,1770833436468,山东,5265234736191067,7907163219,薄调雾,f,https://m.weibo.cn/u/7907163219?launchid=10000360-page_H5,"https://tvax1.sinaimg.cn/crop.0.0.960.960.180/008D7EmDly8i94r526oyvj30qo0qowg6.jpg?KID=imgbed,tva&Expires=1770844236&ssig=WI80X2Ir%2Fs"
5265236177455930,1770842391,2026-02-11 20:39:51+08:00,5265226175877894,期待蓝色和绿色，踢出新故事。,0,21,1770833436471,河北,5265236177455930,7507069275,守护我的王同学,f,https://m.weibo.cn/u/7507069275?launchid=10000360-page_H5,"https://tvax4.sinaimg.cn/crop.0.0.512.512.180/008c2TEvly8hgwc5t8rmvj30e80e8aab.jpg?KID=imgbed,tva&Expires=1770844236&ssig=l2CMGOoizR"
5265235975866976,1770842343,2026-02-11 20:39:03+08:00,5265226175877894,比亚迪这是要陪曼城拿更多冠军。,1,16,1770833436474,河北,5265235975866976,5993793808,我的海兰察大大,f,https://m.weibo.cn/u/5993793808?launchid=10000360-page_H5,"https://tvax1.sinaimg.cn/crop.0.0.512.512.180/006xDlzGly8fvsnp357p1j30e80e80ti.jpg?KID=imgbed,tva&Expires=1770844236&ssig=inmVu%2B4v%2B5"
5265234562647903,1770842005,2026-02-11 20:33:25+08:00,5265226175877894,硬核技术赋能曼城太牛了,0,8,1770833436476,山东,5265234562647903,5181876290,起司酥酪-,m,https://m.weibo.cn/u/5181876290?launchid=10000360-page_H5,"https://tvax2.sinaimg.cn/crop.0.0.1080.1080.180/005EGCJQly8i94rei2j1ij30u00u0aby.jpg?KID=imgbed,tva&Expires=1770844236&ssig=v7YByMYtvG"
5265234145056136,1770841906,2026-02-11 20:31:46+08:00,5265226175877894,这款车颜值与实力并存,0,8,1770833436479,辽宁,5265234145056136,7344603946,半盏清茶0_0,f,https://m.weibo.cn/u/7344603946?launchid=10000360-page_H5,"https://tvax3.sinaimg.cn/crop.0.0.986.986.180/00813cZYly8g9cx1em4nlj30re0req8h.jpg?KID=imgbed,tva&Expires=1770844236&ssig=ja2PVjktFj"
5265235909022291,1770842327,2026-02-11 20:38:47+08:00,5265226175877894,绿色足球，这个方向很未来。,0,5,1770833436482,河北,5265235909022291,6094618292,真是个可爱小鬼,m,https://m.weibo.cn/u/6094618292?launchid=10000360-page_H5,"https://tvax4.sinaimg.cn/crop.0.0.1080.1080.180/006EsoD2ly8hkre0dhtmzj30u00u0gpv.jpg?KID=imgbed,tva&Expires=1770844236&ssig=A%2FAwrrGiEh"
5265235837717263,1770842310,2026-02-11 20:38:30+08:00,5265226175877894,从训练服到充电桩，合作深度到位了。,0,4,1770833436484,河北,5265235837717263,6326456660,一下子瘦了二十斤,f,https://m.weibo.cn/u/6326456660?launchid=10000360-page_H5,"https://tvax1.sinaimg.cn/crop.0.0.750.750.180/006U9anyly8i2lo1khft2j30ku0kumxy.jpg?KID=imgbed,tva&Expires=1770844236&ssig=zOVp94BImy"
5265237038597795,1770842596,2026-02-11 20:43:16+08:00,5265226165650720,比亚迪与曼城的跨界合作堪称强强联合，新能源全球冠军携手英超顶级豪门！,0,1,1770833440736,江西,5265237038597795,6282315556,江西文平,m,https://m.weibo.cn/u/6282315556?launchid=10000360-page_H5,"https://tvax4.sinaimg.cn/crop.0.0.1080.1080.180/006R9Xggly8i5342onp8hj30u00u03zq.jpg?KID=imgbed,tva&Expires=1770844240&ssig=LltzmGQE4f"
5265237215022443,1770842638,2026-02-11 20:43:58+08:00,5265226165650720,厉害了,0,1,1770833440739,江西,5265237215022443,3535429211,陈玉鹏,f,https://m.weibo.cn/u/3535429211?launchid=10000360-page_H5,"https://tvax4.sinaimg.cn/crop.0.0.1080.1080.180/d2ba5e5bly8i9t5k9bt5cj20u00u0tdy.jpg?KID=imgbed,tva&Expires=1770844240&ssig=MY7jSsX2c3"
5265237307033608,1770842660,2026-02-11 20:44:20+08:00,5265226165650720,,0,0,1770833440742,江西,5265237307033608,3197563225,林卷卷吖,f,https://m.weibo.cn/u/3197563225?launchid=10000360-page_H5,"https://tvax3.sinaimg.cn/crop.0.0.512.512.180/be96f159ly8hwsnna6x2zj20e80e874l.jpg?KID=imgbed,tva&Expires=1770844240&ssig=JMfQbg%2BLaC"
5265237193523950,1770842632,2026-02-11 20:43:52+08:00,5265226165650720,把环保理念真正落到了实际运营中。,0,0,1770833440746,江西,5265237193523950,3535429211,陈玉鹏,f,https://m.weibo.cn/u/3535429211?launchid=10000360-page_H5,"https://tvax4.sinaimg.cn/crop.0.0.1080.1080.180/d2ba5e5bly8i9t5k9bt5cj20u00u0tdy.jpg?KID=imgbed,tva&Expires=1770844240&ssig=MY7jSsX2c3"
5265236585093318,1770842488,2026-02-11 20:41:28+08:00,5265226165650720,哇塞,0,0,1770833440748,江西,5265236585093318,5661038842,江西何文辉,m,https://m.weibo.cn/u/5661038842?launchid=10000360-page_H5,"https://tvax2.sinaimg.cn/crop.0.0.1080.1080.180/006b78O6ly8i9714klguqj30u00u0dhm.jpg?KID=imgbed,tva&Expires=1770844240&ssig=33bRdi6Rsu"
5265236568835535,1770842484,2026-02-11 20:41:24+08:00,5265226165650720,,0,0,1770833440751,江西,5265236568835535,5661038842,江西何文辉,m,https://m.weibo.cn/u/5661038842?launchid=10000360-page_H5,"https://tvax2.sinaimg.cn/crop.0.0.1080.1080.180/006b78O6ly8i9714klguqj30u00u0dhm.jpg?KID=imgbed,tva&Expires=1770844240&ssig=33bRdi6Rsu"
5265245930525929,1770844716,2026-02-11 21:18:36+08:00,5265226165650720,6,0,0,1770833440754,甘肃,5265245930525929,7442969817,摸鱼偷懒真君,m,https://m.weibo.cn/u/7442969817?launchid=10000360-page_H5,"https://tvax3.sinaimg.cn/crop.0.0.1080.1080.180/0087HWshly8i0x2okwbvmj30u00u0tca.jpg?KID=imgbed,tva&Expires=1770844240&ssig=bI3FLR%2Fdgt"
5265236934527631,1770842571,2026-02-11 20:42:51+08:00,5265226165650720,迪子你又闷声干大事！,0,0,1770833440757,江西,5265236934527631,5680048230,赣鄱大地上的红色印记,m,https://m.weibo.cn/u/5680048230?launchid=10000360-page_H5,"https://tvax4.sinaimg.cn/crop.0.0.960.960.180/006coU18ly8h8f4q77l04j30qo0qowk1.jpg?KID=imgbed,tva&Expires=1770844240&ssig=N0XwsX0Ai9"
5265236849331782,1770842551,2026-02-11 20:42:31+08:00,5265226165650720,,0,0,1770833440759,江西,5265236849331782,5717548306,新余零距离,f,https://m.weibo.cn/u/5717548306?launchid=10000360-page_H5,"https://tvax2.sinaimg.cn/crop.0.0.1080.1080.180/006eWfv4ly8hple4wquj0j30u00u0q7s.jpg?KID=imgbed,tva&Expires=1770844240&ssig=slSCBNRpsl"
5265236837533418,1770842548,2026-02-11 20:42:28+08:00,5265226165650720,学习,0,0,1770833440762,江西,5265236837533418,5717548306,新余零距离,f,https://m.weibo.cn/u/5717548306?launchid=10000360-page_H5,"https://tvax2.sinaimg.cn/crop.0.0.1080.1080.180/006eWfv4ly8hple4wquj0j30u00u0q7s.jpg?KID=imgbed,tva&Expires=1770844240&ssig=slSCBNRpsl"
5265236911457924,1770842566,2026-02-11 20:42:46+08:00,5265231156871568,这一步好解渴，把绿色生活清凉一&quot;条&quot;开，比亚迪绿色技术就是这么赞！🚗💨,0,0,1770833844915,福建,5265236911457924,3024791761,鱼乐儿嘟嘟,f,https://m.weibo.cn/u/3024791761?launchid=10000360-page_H5,"https://tva2.sinaimg.cn/crop.0.0.180.180.180/b44aa8d1jw1e8qgp5bmzyj2050050aa8.jpg?KID=imgbed,tva&Expires=1770844645&ssig=%2B8UU1%2BKdQq"
5265253952654341,1770846629,2026-02-11 21:50:29+08:00,5265231156871568,#绿色同行# 让我们一同见证足球新征程！,0,0,1770833844917,广东,5265253952654341,2944189401,青青草原上的灰太狼1991,m,https://m.weibo.cn/u/2944189401?launchid=10000360-page_H5,"https://tvax3.sinaimg.cn/crop.0.0.1080.1080.180/af7cc3d9ly8i2o30bhlxbj20u00u1wh6.jpg?KID=imgbed,tva&Expires=1770844645&ssig=%2BWzPK6Yvvd"
5265236814987813,1770842542,2026-02-11 20:42:22+08:00,5265231156871568,这种跨界合作真的很有创意，期待看到更多实际行动！,0,0,1770833844919,福建,5265236814987813,6200735019,额过分干饭干饭,m,https://m.weibo.cn/u/6200735019?launchid=10000360-page_H5,"https://tvax2.sinaimg.cn/crop.85.0.342.342.180/006LDEr9ly8ffsy9uek76j30e809in05.jpg?KID=imgbed,tva&Expires=1770844645&ssig=hGzyegba4E"
5265239420965853,1770843164,2026-02-11 20:52:44+08:00,5265226174040170,比亚迪太牛了，以后会替代丰田汽车,36,2,1770833877061,北京,5265239420965853,2089724441,毒舌体育,f,https://m.weibo.cn/u/2089724441?launchid=10000360-page_H5,"https://tvax3.sinaimg.cn/crop.0.0.996.996.180/7c8eaa19ly8fme8b64m2oj20ro0roace.jpg?KID=imgbed,tva&Expires=1770844677&ssig=htHWKUJici"
5265245688037507,1770844657,2026-02-11 21:17:37+08:00,5265226174040170,和曼城的合作更是给本土化深耕添了把力,1,0,1770833877064,安徽,5265245688037507,7927381229,云边小卖部一窗余晖,f,https://m.weibo.cn/u/7927381229?launchid=10000360-page_H5,"https://tvax3.sinaimg.cn/crop.0.0.1072.1072.180/008EutZzly8hqt7yjn7e0j30ts0tsjw0.jpg?KID=imgbed,tva&Expires=1770844677&ssig=ibE6Cvicj7"
5265258472276088,1770847705,2026-02-11 22:08:25+08:00,5265226174040170,探索绿色可能，不是口号是充电桩,0,0,1770833877067,重庆,5265258472276088,6268746402,番茄托莓头,f,https://m.weibo.cn/u/6268746402?launchid=10000360-page_H5,"https://tvax3.sinaimg.cn/crop.0.0.1080.1080.180/006Qf1iWly8hvpq4sh1w7j30u00u0gmf.jpg?KID=imgbed,tva&Expires=1770844677&ssig=ciP7hDUpY7"
5265258426144165,1770847695,2026-02-11 22:08:15+08:00,5265226174040170,体育和科技握手，球场和地球都笑了,0,0,1770833877070,重庆,5265258426144165,7461248381,暖暖懒懒爬进窗,m,https://m.weibo.cn/u/7461248381?launchid=10000360-page_H5,"https://tvax1.sinaimg.cn/crop.0.0.1080.1080.180/0088WDxPly8hvpq154m56j30u00u0gmg.jpg?KID=imgbed,tva&Expires=1770844677&ssig=KruYJIk7Wh"
5265258371617835,1770847682,2026-02-11 22:08:02+08:00,5265226174040170,双重碰撞，撞出的是零排放火花,0,0,1770833877073,重庆,5265258371617835,7734227969,揽颗星星,f,https://m.weibo.cn/u/7734227969?launchid=10000360-page_H5,"https://tvax3.sinaimg.cn/crop.0.0.1080.1080.180/008rq20ply8hsd4e25bvmj30u00u0gms.jpg?KID=imgbed,tva&Expires=1770844677&ssig=SuPCMm9dnW"
5265245396534338,1770844589,2026-02-11 21:16:29+08:00,5265226174040170,比亚迪也是不忘初心的存在,0,0,1770833877075,江西,5265245396534338,7848861727,睡不捉的小蛋挞,f,https://m.weibo.cn/u/7848861727?launchid=10000360-page_H5,"https://tvax1.sinaimg.cn/crop.0.0.1080.1080.180/008zb1tZly8hfd4z4curij30u00u0q4d.jpg?KID=imgbed,tva&Expires=1770844677&ssig=HTTeLsbNZL"
5265242923730237,1770843999,2026-02-11 21:06:39+08:00,5265226174040170,这样的好消息也是可喜可贺的,0,0,1770833877078,江西,5265242923730237,5970563133,是啊鬼啊,f,https://m.weibo.cn/u/5970563133?launchid=10000360-page_H5,"https://tvax2.sinaimg.cn/crop.0.0.1002.1002.180/006w3Sdnly8gdonwwb9i1j30ru0ru0xf.jpg?KID=imgbed,tva&Expires=1770844677&ssig=LNQy0AbbJb"
5265257920725522,1770847574,2026-02-11 22:06:14+08:00,5265226174040170,让电动车开上了英超赛场的先导车位置,0,0,1770833877081,安徽,5265257920725522,7916967976,神灯神灯神不楞不楞灯,m,https://m.weibo.cn/u/7916967976?launchid=10000360-page_H5,"https://tvax2.sinaimg.cn/crop.0.0.1080.1080.180/008DMN1Sly8hp20hoeyxbj30u00u0485.jpg?KID=imgbed,tva&Expires=1770844677&ssig=KPEkyIhKgO"
5265245258913505,1770844556,2026-02-11 21:15:56+08:00,5265226174040170,比亚迪的海外布局思路很清晰,0,0,1770833877083,安徽,5265245258913505,7916967976,神灯神灯神不楞不楞灯,m,https://m.weibo.cn/u/7916967976?launchid=10000360-page_H5,"https://tvax2.sinaimg.cn/crop.0.0.1080.1080.180/008DMN1Sly8hp20hoeyxbj30u00u0485.jpg?KID=imgbed,tva&Expires=1770844677&ssig=KPEkyIhKgO"
5265241179166566,1770843583,2026-02-11 20:59:43+08:00,5265226174040170,这样的合作也是很给力的,0,0,1770833877086,江西,5265241179166566,7359203681,刚尊,m,https://m.weibo.cn/u/7359203681?launchid=10000360-page_H5,"https://tvax4.sinaimg.cn/crop.0.0.1080.1080.180/00822t3zly8ga3gdtvhqsj30u00u0gmu.jpg?KID=imgbed,tva&Expires=1770844677&ssig=slLLApk1vJ"
5265232051053375,1770841407,2026-02-11 20:23:27+08:00,5265226162507177,这次合作真给国产品牌争光!🦌🛒,1,19,1770833881336,青海,5265232051053375,1424620714,华子41了,m,https://m.weibo.cn/u/1424620714?launchid=10000360-page_H5,"https://tva3.sinaimg.cn/crop.0.0.180.180.180/54e9fcaajw1e8qgp5bmzyj2050050aa8.jpg?KID=imgbed,tva&Expires=1770844681&ssig=3pKZYaQT6e"
5265245087994026,1770844515,2026-02-11 21:15:15+08:00,5265226162507177,比亚迪就是好,1,1,1770833881338,山西,5265245087994026,5910101418,人生如梦锦鲤版,f,https://m.weibo.cn/u/5910101418?launchid=10000360-page_H5,"https://tvax4.sinaimg.cn/crop.0.0.1080.1080.180/006rYbmqly8i9mtkr0gbsj30u00u00u6.jpg?KID=imgbed,tva&Expires=1770844681&ssig=WIH5KkcGIL"
5265232331278020,1770841474,2026-02-11 20:24:34+08:00,5265226162507177,狂喜啊,0,4,1770833881342,河北,5265232331278020,5642321888,迪小小1117,f,https://m.weibo.cn/u/5642321888?launchid=10000360-page_H5,"https://tvax4.sinaimg.cn/crop.0.0.512.512.180/0069QBFKly8h6pw1ynp2dj30e80e8js3.jpg?KID=imgbed,tva&Expires=1770844681&ssig=hWpS9AIngY"
5265242699597980,1770843946,2026-02-11 21:05:46+08:00,5265226162507177,太厉害了,0,0,1770833881345,海南,5265242699597980,7867962406,鸡肉蛋堡,f,https://m.weibo.cn/u/7867962406?launchid=10000360-page_H5,"https://tvax4.sinaimg.cn/crop.0.0.960.960.180/008Atarsly8i7e6swtbjnj30qo0qoq5f.jpg?KID=imgbed,tva&Expires=1770844681&ssig=SkokXvBZca"
5265281670975248,1770853237,2026-02-11 23:40:37+08:00,5265226162507177,中国品牌走向世界真的让人自豪,0,0,1770833881347,重庆,5265281670975248,7952615775,爱你可爱纯粹,f,https://m.weibo.cn/u/7952615775?launchid=10000360-page_H5,"https://tvax4.sinaimg.cn/crop.0.0.1080.1080.180/008GcmEnly8ia5ra1y01bj30u00u0acb.jpg?KID=imgbed,tva&Expires=1770844681&ssig=Hiz2RVUTRG"
5265281582891715,1770853215,2026-02-11 23:40:15+08:00,5265226162507177,世界看见中国的背后是不断的突破,0,0,1770833881350,重庆,5265281582891715,7911577801,你也喜欢修狗勾吗,f,https://m.weibo.cn/u/7911577801?launchid=10000360-page_H5,"https://tvax1.sinaimg.cn/crop.0.0.1080.1080.180/008DqaNzly8ia5pfz2r5rj30u00u00uf.jpg?KID=imgbed,tva&Expires=1770844681&ssig=%2Bk7unAupZm"
5265281524173035,1770853202,2026-02-11 23:40:02+08:00,5265226162507177,每一次突破都离不开坚持,0,0,1770833881352,重庆,5265281524173035,7934078685,芝心喵薄荷,f,https://m.weibo.cn/u/7934078685?launchid=10000360-page_H5,"https://tvax2.sinaimg.cn/crop.0.0.1080.1080.180/008EWAj3ly8i9w54ih4tdj30u00u0di8.jpg?KID=imgbed,tva&Expires=1770844681&ssig=8oRDjUnP69"
5265281481969525,1770853192,2026-02-11 23:39:52+08:00,5265226162507177,品牌出海从走出去到走上去,0,0,1770833881354,重庆,5265281481969525,7952615800,耳机里听达尔文,f,https://m.weibo.cn/u/7952615800?launchid=10000360-page_H5,"https://tvax2.sinaimg.cn/crop.0.0.1080.1080.180/008GcmEMly8ia5rae9gpqj30u00u0gpy.jpg?KID=imgbed,tva&Expires=1770844681&ssig=cf%2FgZBDuiX"
5265246055044480,1770844746,2026-02-11 21:19:06+08:00,5265226162507177,很不错哦,0,0,1770833881357,四川,5265246055044480,7828628219,残夏有家了,m,https://m.weibo.cn/u/7828628219?launchid=10000360-page_H5,"https://tvax3.sinaimg.cn/crop.0.0.716.716.180/008xO7P5ly8hyzinpb1kqj30jw0jw3zk.jpg?KID=imgbed,tva&Expires=1770844681&ssig=OVN1R2ehA5"
5265286019424048,1770854274,2026-02-11 23:57:54+08:00,5265226162507177,哎呦喂！了不得了！,0,0,1770833881360,北京,5265286019424048,1339392523,gongan,m,https://m.weibo.cn/u/1339392523?launchid=10000360-page_H5,"https://tva4.sinaimg.cn/crop.0.0.180.180.180/4fd5820bjw1e8qgp5bmzyj2050050aa8.jpg?KID=imgbed,tva&Expires=1770844681&ssig=IDNYMyGdyC"
5265226174041664,1770840006,2026-02-11 20:00:06+08:00,5265224378614771,浙浙真贴心,0,0,1770833885554,浙江,5265226174041664,9150851615,嗡嗡嗡的小蜜蜂啊911-6号碎片,f,https://m.weibo.cn/u/9150851615?launchid=10000360-page_H5,"https://tvax2.sinaimg.cn/crop.0.0.1080.1080.180/009Zi2wTly8i7u1nvx7aqj30u00u0n0d.jpg?KID=imgbed,tva&Expires=1770844685&ssig=026rbo%2BmQu"
5265214443623795,1770837209,2026-02-11 19:13:29+08:00,5265214339026391,绿茵场上，汗水与激情同在；绿色出行，安全伴你每一步。,0,1,1770833889794,浙江,5265214443623795,5027768184,Ad海海之梦,f,https://m.weibo.cn/u/5027768184?launchid=10000360-page_H5,"https://tvax4.sinaimg.cn/crop.0.0.1023.1023.180/005ug0bely8hwtzk03b03j30sg0sfjvy.jpg?KID=imgbed,tva&Expires=1770844689&ssig=P1SrgNXckP"
5265244911834335,1770844473,2026-02-11 21:14:33+08:00,5265211536707501,好喜欢这件,0,0,1770833894030,吉林,5265244911834335,5251300959,曾几时又几岁,f,https://m.weibo.cn/u/5251300959?launchid=10000360-page_H5,"https://tvax2.sinaimg.cn/crop.0.0.751.751.180/005JnVgzly8gvxiharsywj30kv0kvwfw.jpg?KID=imgbed,tva&Expires=1770844694&ssig=V4rd8U7GVk"
5265067803410623,1770802246,2026-02-11 09:30:46+08:00,5264895830660400,,0,0,1770833898224,重庆,5265067803410623,5272865666,我是村口的那棵大枣树,f,https://m.weibo.cn/u/5272865666?launchid=10000360-page_H5,"https://tvax1.sinaimg.cn/crop.0.4.750.750.180/005KQpeqly8fdfeozrid1j30ku0l30uk.jpg?KID=imgbed,tva&Expires=1770844698&ssig=z1scaRHMmj"
5265124699145407,1770815812,2026-02-11 13:16:52+08:00,5264895830660400,,0,0,1770833898227,重庆,5265124699145407,6177829078,重头再来乐园2011,f,https://m.weibo.cn/u/6177829078?launchid=10000360-page_H5,"https://tvax3.sinaimg.cn/crop.0.0.512.512.180/006K5xyuly8hx3wvp0pyzj30e80e8dga.jpg?KID=imgbed,tva&Expires=1770844698&ssig=plB5lB2tAn"
