note_id,content,create_time,create_date_time,liked_count,comments_count,shared_count,last_modify_ts,note_url,ip_location,user_id,nickname,gender,profile_url,avatar,source_keyword
5253076428784910,实时播报： 【数字人民币APP上线“碳普惠”小程序服务 “碳积分”可兑换数字人民币】2026年伊始，数字人民币APP迎来系列重磅更新。在完成2.0版升级、实现钱包余额计息功能后，该APP生活服务专区近日悄然上线“碳普惠”小程序服务，并率先在上海地区落地。记者体验后发现，在开启该功能之后，数字人民币APP将自动记录用户通过各类绿色低碳行为所产生的碳减排量，并将其量化为“碳积分”。这些积分如同绿色行为的“数字存折”，可以按照一定规则兑换成数字人民币，实现了绿色行为向经济收益的直接转化。有分析人士向记者表示，上述举措为数字人民币开辟了极具社会价值和生活气息的创新应用场景，使其更深入地融入百姓日常生活，从而获得更加快速的普及推广。“将抽象的环保贡献转化为看得见、摸得着的经济激励，极大降低了公众践行绿色生活的门槛，碳普惠激励模式有助于形成‘人人参与、人人受益’的低碳社会风尚。”该分析人士说。（证券时报）,1767943281,2026-01-09 07:21:21+08:00,5,0,2,1770827626048,https://m.weibo.cn/detail/5253076428784910,广东,5051077448,快兰斯24小时财经直播,m,https://m.weibo.cn/u/5051077448?luicode=20000061&lfid=5253076428784910&launchid=10000360-page_H5,"https://tvax4.sinaimg.cn/crop.0.0.750.750.180/005vPNZ6ly8gdi6hq3tufj30ku0ku3yv.jpg?KID=imgbed,tva&Expires=1770838411&ssig=uJJht4XSZV",碳积分
5253880083645284,【碳积分可直接“换钱”！数字人民币APP，上新！】网页链接 ,1768134887,2026-01-11 12:34:47+08:00,1,0,2,1770827626681,https://m.weibo.cn/detail/5253880083645284,,5883677894,券商中国,m,https://m.weibo.cn/u/5883677894?launchid=10000360-page_H5,"https://tvax1.sinaimg.cn/crop.0.0.629.629.180/006qbjoyly8h8vhd6kxn6j30hh0hhjsc.jpg?KID=imgbed,tva&Expires=1770838410&ssig=HO%2BoETfoM9",碳积分
5248999357417316,楼上的碳积分直接假分就行再去抽 ,1766971231,2025-12-29 01:20:31+08:00,4,5,0,1770827626684,https://m.weibo.cn/detail/5248999357417316,上海,5894255577,丐帮羊毛日记,m,https://m.weibo.cn/u/5894255577?launchid=10000360-page_H5,"https://tvax3.sinaimg.cn/crop.0.0.1002.1002.180/006qTH8lly8govy925xvhj30ru0ru3zn.jpg?KID=imgbed,tva&Expires=1770838410&ssig=eDWQd%2B4R5x",碳积分
5257997303680117,【#数字人民币2.0来了#！钱包余额能生息，#绿色出行可兑换数字人民币#】骑共享单车、乘坐地铁公交，你做的每一件环保小事都能被量化成“碳积分”，这些碳积分不仅可以记录你的绿色足迹，还能兑换为实实在在的数字人民币。2026年新年伊始，数字人民币重磅升级为2.0版。新一代数字人民币计量框架、管理体系、运行机制和生态体系正式启动实施，数字人民币钱包里的钱可以产生利息了。在推出计息功能的同时，数字人民币运营管理中心还将数字人民币与低碳生活深度绑定，在数字人民币APP内推出“碳普惠”小程序服务并率先在上海地区上线。用户开通该服务后，日常绿色低碳行为产生的碳积分将自动归集至“碳普惠”账户，并可兑换数字人民币。升级后的数字人民币对普通用户意味着什么？将对实体经济的发展产生哪些影响？数字人民币2.0来了！钱包余额能生息，绿色出行可变现,1769116509,2026-01-22 21:15:09+08:00,2,1,4,1770827626687,https://m.weibo.cn/detail/5257997303680117,,1926909715,第一财经日报,f,https://m.weibo.cn/u/1926909715?luicode=20000061&lfid=5257997303680117&launchid=10000360-page_H5,"https://tvax4.sinaimg.cn/crop.0.0.512.512.180/0026p7eXly8h8vhdgp7tej60e80e8wer02.jpg?KID=imgbed,tva&Expires=1770838413&ssig=T3FP3R3ME9",碳积分
5235087606287051,为了这点碳积分 支付4.5 还有比我冤种的嘛 ,1763654411,2025-11-20 16:00:11+08:00,1,2,0,1770827626689,https://m.weibo.cn/detail/5235087606287051,辽宁,7468645888,爱抠鼻屎的老太婆,f,https://m.weibo.cn/u/7468645888?launchid=10000360-page_H5,"https://tvax3.sinaimg.cn/crop.0.0.1028.1028.180/0089rFYsly8hmyoic7rjnj30sk0skdhv.jpg?KID=imgbed,tva&Expires=1770838410&ssig=D%2Bjr%2FTSzkP",碳积分
5237940628488839,#逛北京这座公园赚碳积分#在北京温榆河公园·未来智谷，走路、骑行、答题都能攒碳积分。蓝色科技区超有趣，风能树、氢能自行车、发电互动全都有。 ,1764334625,2025-11-28 12:57:05+08:00,2,1,0,1770827626692,https://m.weibo.cn/detail/5237940628488839,广东,5743878089,青笙挽歌ZH,f,https://m.weibo.cn/u/5743878089?launchid=10000360-page_H5,"https://tvax3.sinaimg.cn/crop.0.0.512.512.180/006gIJ4Zly8hoi8uagbg5j30e80e8mxj.jpg?KID=imgbed,tva&Expires=1770838410&ssig=cfxioZu25x",碳积分
5228840192311391,@小lin说 带你打开银行的“绿色账本”！建行的ESG实践既面向企业，也惠及个人：企业有”碳数贷”、“绿能贷“专项支持，个人也能靠坐地铁、开新能源车攒碳积分，直接兑换数字人民币红包.......原来绿色生活还能这么实惠？银行正在让ESG变得触手可及！  新浪财经的微博视频 ,1762164911,2025-11-03 10:15:11+08:00,3127,548,1545,1770827626694,https://m.weibo.cn/detail/5228840192311391,,1638782947,新浪财经,m,https://m.weibo.cn/u/1638782947?launchid=10000360-page_H5,"https://tvax4.sinaimg.cn/crop.26.42.647.647.180/001MUaj1ly8h8vgnehpw0j60j60j6wf602.jpg?KID=imgbed,tva&Expires=1770838410&ssig=KLemjD8KK7",碳积分
5236949910291500,个人赚积分，企业做交易——碳普惠平台让绿色生活有回报↓↓↓@国网福建电力 国家电网的微博视频 ,1764098419,2025-11-25 19:20:19+08:00,4,1,3,1770827626696,https://m.weibo.cn/detail/5236949910291500,北京,1730306175,国家电网,m,https://m.weibo.cn/u/1730306175?launchid=10000360-page_H5,"https://tvax3.sinaimg.cn/crop.23.30.1038.1038.180/6722607fly8h9jjih6pwsj20u00u10v8.jpg?KID=imgbed,tva&Expires=1770838410&ssig=qK6RIZFOih",碳积分
5199215846494305,燃油车正被政策“温柔劝退”——北京二环内2026年工作日全天禁行纯油车，深圳试点“碳积分”倒逼转型。曾经引以为傲的V6声浪、手动挡乐趣，如今成了小众情怀。但技术没有对错，只有时代的选择。或许某天，燃油车会像胶片相机一样，成为复古玩家的收藏品。#大v聊车# ,1755101917,2025-08-13 16:18:37+08:00,21,29,27,1770827626699,https://m.weibo.cn/detail/5199215846494305,湖南,2198385842,飞驰的阿卡,m,https://m.weibo.cn/u/2198385842?launchid=10000360-page_H5,"https://tvax2.sinaimg.cn/crop.0.0.1080.1080.180/8308b4b2ly8hrc0qserurj20u00u0n06.jpg?KID=imgbed,tva&Expires=1770838410&ssig=CcsAWAmAO6",碳积分
5133168432908679,特斯拉通过碳排放联盟已吸纳Stellantis、丰田等车企，2023年碳积分收入达17.9亿美元。比亚迪若成功组建欧洲碳积分池，或将复制这一模式，甚至挑战特斯拉的碳积分定价权。若特斯拉-比亚迪形成双巨头格局，欧洲车企或沦为“付费用户”。 ,1739354987,2025-02-12 10:09:47+08:00,9,3,2,1770827626701,https://m.weibo.cn/detail/5133168432908679,上海,1678215552,刘瑶,f,https://m.weibo.cn/u/1678215552?launchid=10000360-page_H5,"https://tva3.sinaimg.cn/crop.0.0.180.180.180/64078980jw1e8qgp5bmzyj2050050aa8.jpg?KID=imgbed,tva&Expires=1770838410&ssig=4yTTAUhL0W",碳积分
5237933143229964,【#逛北京这座公园赚碳积分#】#这棵用孩子声音种下的树寓意希望#打卡北京新地标温榆河公园，园内未来智谷区是北京首个“碳中和”主题公园，有超酷“碳积分”生态圈，步行、骑行发电、答题都能积累可消费碳积分，快冲！ 北京日报的微博视频  ,1764332840,2025-11-28 12:27:20+08:00,333,17,122,1770827626703,https://m.weibo.cn/detail/5237933143229964,,1893892941,北京日报,m,https://m.weibo.cn/u/1893892941?launchid=10000360-page_H5,"https://tvax4.sinaimg.cn/crop.0.0.600.600.180/0024aA4lly8i51bp1z4bcj60go0goq3g02.jpg?KID=imgbed,tva&Expires=1770838410&ssig=9JOCffpDVT",碳积分
5199910246287250,#绿水青山可以成为金山银山#【上海#碳普惠#账户开通指南来啦！一键加入低碳行动阵营②】上海碳普惠平台已正式上线，开通个人碳账户并授权减排场景就能积累碳积分，兑换公共交通优惠、数字红包等多重福利！手把手教学视频带你完成碳普惠账户开户和场景授权，轻松开启你的低碳生活 “储蓄罐”，让每一次绿色选择都能收获看得见的回报～一起#做自然的朋友# 吧！ 上海环境的微博视频,1755267475,2025-08-15 14:17:55+08:00,4,0,2,1770827626707,https://m.weibo.cn/detail/5199910246287250,,1787537264,上海环境,m,https://m.weibo.cn/u/1787537264?luicode=20000061&lfid=5199910246287250&launchid=10000360-page_H5,"https://tvax2.sinaimg.cn/crop.0.0.512.512.180/6a8ba770ly8h8vjclk7lrj20e80e80t9.jpg?KID=imgbed,tva&Expires=1770838415&ssig=wtW0yfpYIK",碳积分
5191480366596442,【#特斯拉没有碳积分收入将亏损#】据美国有线电视新闻网7月22日报道，今年第一季度，特斯拉碳积分销售收入为5.95亿美元，超过其4.09亿美元的净收入。当不能售卖碳积分后，特斯拉预计出现净亏损。7月4日，特朗普签署“大而美”法案，其中将企业燃油经济性标准罚款调整为零。这使传统汽车企业不再需要为了规避罚款向电动汽车制造商购买碳积分。然而，出售碳积分正是特斯拉营收的重要组成部分。自2019年以来特斯拉已通过出售碳积分赚取106亿美元。有金融分析师表示，传统车企或将提前解除碳积分购买合同，预计今年三季度到2026年初，特斯拉将失去碳积分收入，出现净亏损。早安！（图源：CNN）,1753257635,2025-07-23 08:00:35+08:00,6,2,1,1770827626709,https://m.weibo.cn/detail/5191480366596442,,6060307497,观察者网出行中心,f,https://m.weibo.cn/u/6060307497?luicode=20000061&lfid=5191480366596442&launchid=10000360-page_H5,"https://tvax4.sinaimg.cn/crop.0.0.1080.1080.180/006C8qP7ly8hxvvhnesmij30u00u0mxs.jpg?KID=imgbed,tva&Expires=1770838417&ssig=hxDiDrddI4",碳积分
5229346793199109,喊出“一切为了日本”的比亚迪，拯救了日产？在日本喊出“一切为了日本”的比亚迪，拯救了日产。日产可能这次也没想到，自己在海外市场的“命”，得靠比亚迪来续。在如今的全球新能源赛道上，日本车企自诩“油电混动之王”，结果却被欧盟的“碳排放积分制”逼到了墙角。而更令人意外的是，给日产兜底的，不是盟友丰田、本田，而是来自中国的比亚迪——那个曾被他们调侃“做电池的”。欧盟背后的碳积分政策让很多车企很“头疼”。包括丰田、Stellantis集团等企业，只要是燃油车销售比重大的车企，为了能在欧洲避开“碳积分不够”所带来的巨额罚款，只能向销售新能源的企业购买碳排放积分。数据显示，2024年，特斯拉仅是销售碳排放积分这一项业务，盈利就超过了28亿美元，关键这完全是“零成本”的盈利。同样在海外市场热销的比亚迪，自然也当起了“卖分小老板”。从2024年到现在，比亚迪不光在中国杀疯了，还悄无声息把电动车卖到了欧洲的街头巷尾。1-9月，它在欧洲卖了11.6万台车，同比增长324.6%；英国、西班牙、意大利的街上，到处都是装着“汉”或“海豚”的电动车。高涨的销售量背后，是水涨船高的碳排放积分。这些分数对比亚迪来说似乎并没有什么实际用途，但却着实能挽救一家传统燃油车企的“命”。日产自然也在其中。虽然有ARIYA新能源车型在欧洲销售，但日产的主要产品仍然是传统燃油车，为了避免缴纳碳排放积分不足的巨额罚款，日产决定将于比亚迪共享碳排放池。也就是说，那些对于比亚迪来说几乎“无用”的碳排放积分，现在会以真金白银的价格卖给日产，用来填补日产销售燃油车所产生的“坑”。表面上看，这虽然只是日产找比亚迪买分，但背后却是汽车工业的一次巨大的反转。欧洲本想通过碳税、新能源补贴等“筛选机制”保护本土车企，结果中国品牌卷着技术和价格一路打上门来。比亚迪连收购土地、建工厂都准备好了，已经不靠出口车赚钱了，而是直接入侵欧洲汽车供应链。而碳排放积分，已经成为了比亚迪在欧洲的“第二业务”。当日产这种曾经的全球知名车企都要掏钱来找中国车企合作时，这背后所印证的不只是能源规则的偏移，还有全球汽车产业的变化和中国新能源车企在海外影响力的体现。在海外市场一边卖车一边卖积分，赚得盆满钵满的不只有特斯拉，体量更大的是我们中国的新能源企业。日产只是第一个，接下来只会有更多的老牌车企加入进来，在未来的一段时间里，谁有更多的新能源技术，谁就更有全球经济的话语权。,1762285695,2025-11-04 19:48:15+08:00,2,6,0,1770827626711,https://m.weibo.cn/detail/5229346793199109,湖南,6480762204,知嘹说车,f,https://m.weibo.cn/u/6480762204?luicode=20000061&lfid=5229346793199109&launchid=10000360-page_H5,"https://tvax3.sinaimg.cn/crop.0.0.600.600.180/0074ACiEly8hctlvon8q3j30go0gogmk.jpg?KID=imgbed,tva&Expires=1770838419&ssig=DXTeT6%2Ba0C",碳积分
5232445909633795,11月13日，“向新图强观江海——全国广电融媒高质量发展看江苏调研行”采访团走进盐城绿色低碳科创园，园内绿色科技应用场景随处可见。氢能接驳车、氢能自行车（最高时速30km/h）在园区有序行驶，消费者可通过骑行氢能自行车、搭乘园区电车、践行光盘行动、参与零碳科普互动答题等多种低碳减排场景获取碳积分，再通过“碳访西伏河”小程序将积累的碳积分兑换为现金券，在园区内全国首家“碳+AI”便利店实现“积分当钱用”。#江苏真的没法低调了##向新图强观江海#,1763024582,2025-11-13 09:03:02+08:00,1,1,1,1770827626713,https://m.weibo.cn/detail/5232445909633795,,1746067030,937江苏新闻广播,m,https://m.weibo.cn/u/1746067030?luicode=20000061&lfid=5232445909633795&launchid=10000360-page_H5,"https://tvax4.sinaimg.cn/crop.0.0.1024.1024.180/001UajNsly8i8a4otz70sj60sg0sgdhd02.jpg?KID=imgbed,tva&Expires=1770838421&ssig=IdG2KqIdwe",碳积分
5265292479697348,左奇函 💙#左奇函李浩宇# 💙#为左奇函守护星愿# 2.12壬务↓超管盖楼 网页链接轮增投票 网页链接反黑投票 网页链接无目标值积分zs壬务 网页链接无目标值每日zzp壬务 网页链接无目标值每日冲💎壬务 网页链接无目标值00:00盖楼 @十八饼薯 网页链接00:40投票 @原野三岛 01:10盖楼 @巧克力情话_ 07:00投票 @左千小园地 09:00盖楼 @奇佑此理__ 10:00盖楼 @吃一碗丸子吧 11:00盖楼 @奇迹函数- 12:00投票 @云养鼠玩家 14:00盖楼 @我真的很需要这些钱钱 15:00盖楼 @-碳水教教主_ 16:00投票 @从轨迹到银河 18:00盖楼 @奇韵进行时 19:00盖楼 @你是在说家奇吗 21:00盖楼 @秋悦猫菡- 22:00投票 @失控领域_近期PK宣传2.11-2.13刷波PK👉网页链接👗乡村T台秀3zzpPK👉🏻网页链接👗奇星高照 函颂福韶5   奇星高照 函颂福韶4,1770855814,2026-02-12 00:23:34+08:00,2,0,1,1770827626717,https://m.weibo.cn/detail/5265292479697348,河北,7476027889,巧克力情话_,f,https://m.weibo.cn/u/7476027889?luicode=20000061&lfid=5265292479697348&launchid=10000360-page_H5,"https://tvax1.sinaimg.cn/crop.0.0.1080.1080.180/0089WEmZly8ia73g2xxtrj30u00u0tbc.jpg?KID=imgbed,tva&Expires=1770838424&ssig=5eiLAd%2BAuH",碳积分
5265226175877894,一个是全球新能源车卖得最火的，一个是全世界最顶级的足球豪门之一。两家都特别会赢，比亚迪在新能源赛道上赢，曼城在足球场上赢…#比亚迪成为曼城足球俱乐部官方合作伙伴#而且这合作，不光是挂个logo那么表面。从一线队的训练服，到球队大巴开道的先导车，再到整个足球学院的充电、储能体系，比亚迪直接把自家最硬核的电池技术和绿色出行方案，给曼城武装到牙齿了。我特别喜欢合作声明里的一句话：不止于足球与汽车的联动。一个要用技术改变出行方式，一个想在绿茵场打造更环保、更长久的赢家体系。#当新能源冠军遇上英超冠军#未来在看曼城比赛时，看到比亚迪的标识和车队，感觉会特别奇妙。真的很期待，这场蓝色风暴与绿色科技的携手，能碰撞出什么样的新故事。 猹猹末班车的微博视频,1770840006,2026-02-11 20:00:06+08:00,2854,1381,1518,1770827771194,https://m.weibo.cn/detail/5265226175877894,北京,3117570087,猹猹末班车,m,https://m.weibo.cn/u/3117570087?luicode=20000061&lfid=5265226175877894&launchid=10000360-page_H5,"https://tvax2.sinaimg.cn/crop.0.0.1080.1080.180/b9d25827ly8i7bi3juzubj20u00u0gob.jpg?KID=imgbed,tva&Expires=1770838551&ssig=931D2x5Xum",绿色出行
5265196002314656,2月11日，比亚迪正式官宣与曼城足球俱乐部达成深度战略合作，成为曼城足球俱乐部官方合作伙伴！这是全球新能源领军品牌与世界顶级足球豪门的强强联合，也是比亚迪深化全球体育营销、助力绿色出行全球化的重要举措。 比亚迪正式成为曼城足球俱乐部官方合作伙伴 ,1770832812,2026-02-11 18:00:12+08:00,79,20,10,1770827771197,https://m.weibo.cn/detail/5265196002314656,广东,1746221281,比亚迪汽车,m,https://m.weibo.cn/u/1746221281?launchid=10000360-page_H5,"https://tvax3.sinaimg.cn/crop.0.0.512.512.180/681538e1ly8h8w440q33aj20e80e8q2u.jpg?KID=imgbed,tva&Expires=1770838551&ssig=SiuClSreBL",绿色出行
5265228969285144,#当新能源冠军遇上英超冠军# 从伊蒂哈德球场的狂欢，到全球赛道的驰骋，曼城书写着传奇，每一座奖杯，都是速度、精准、团队、持久的最好证明。就像球场上的每一次精准传递、每一脚致命攻门，曼城从不靠偶然，只凭实力与坚持，把 “不可能” 变成 “理所当然”。新能源汽车界的比亚迪，用技术研发打破壁垒，用全球销量证明实力，从中国走向世界，把绿色出行变成主流趋势，用科技驱动速度，用实力定义标杆。这一次联手，是强者对强者的欣赏：曼城用赛场统治力，让比亚迪的全球影响力，随蓝月风暴席卷亿万球迷；比亚迪用硬核科技力，为曼城注入绿色能量，让冠军精神与可持续未来同行。球场上，我们为每一次胜利呐喊；赛道上，我们为每一段旅程护航。以冠军之名，向世界出发；以科技之力，让未来更燃。,1770840672,2026-02-11 20:11:12+08:00,197,96,219,1770827771199,https://m.weibo.cn/detail/5265228969285144,北京,7109423285,OlyExpress,m,https://m.weibo.cn/u/7109423285?luicode=20000061&lfid=5265228969285144&launchid=10000360-page_H5,"https://tvax3.sinaimg.cn/crop.0.0.200.200.180/007L8pLvly8g9hk1gqhdaj305k05k74f.jpg?KID=imgbed,tva&Expires=1770838554&ssig=PB%2Fk9540Bw",绿色出行
5265226162507177,比亚迪和曼城官宣合作这件事，真的让车迷和球迷都双厨狂喜了，比亚迪直接牵手英超豪门曼城，从车辆提供到充电储能系统全都包了，算是一次很全面的深度合作，以后看曼城比赛，不光能看到比亚迪的logo，还能看到咱们的车作为先导车带队进场，排面直接拉满。看到中国品牌能走进这么顶级的俱乐部，还能把绿色出行的理念带进去，真的觉得特别骄傲，不再是以前那种低端代工或者廉价印象，现在咱们靠技术和实力，站到了世界顶级舞台上。#当新能源冠军遇上英超冠军#足球是全世界通用的语言，比亚迪用这种方式把中国新能源带到全球球迷面前，格局和思路都很清晰，强强联手这效果没得说！相信以后会有更多中国品牌像这样走出去，让全世界都看到中国新能源的魅力#比亚迪成为曼城足球俱乐部官方合作伙伴#,1770840003,2026-02-11 20:00:03+08:00,723,112,145,1770827771202,https://m.weibo.cn/detail/5265226162507177,山东,2153184883,风与缓缓,f,https://m.weibo.cn/u/2153184883?luicode=20000061&lfid=5265226162507177&launchid=10000360-page_H5,"https://tvax3.sinaimg.cn/crop.0.0.1080.1080.180/8056fe73ly8i7zz5iel4cj20u00u0q73.jpg?KID=imgbed,tva&Expires=1770838556&ssig=e75Yy0HdlK",绿色出行
5265121341343002,"现在买车真不是单纯买个代步的了，跟以前不一样。汽车行业的用户价值链确实在升级，说白了就是，车子不只是用来开的，更像是生活的一部分，能装下我们的情绪，也能延伸我们的生活场景。我们要的不只是车本身好用，从提车到日常开，再到售后，整个过程舒服、踏实，才是真的刚需。一提起比亚迪，以前大家都觉得它是个“车圈理工男”，一门心思扑在技术上，搞研发、磨品质，硬核是真的硬核，但说实话，总少点人情味儿，不够暖。不过最近能明显看出来，比亚迪卖得越来越好的同时，也在悄悄变，不再只盯着技术参数死磕，而是慢慢变成了懂用户的“理工暖男”，开始花心思做用户情感体验，拓宽服务的边界，说到底就是想让用户感受品牌温度。这种转变，不是那种喊喊口号、做表面功夫的营销，是真真切切藏在细节里的陪伴。不像有些品牌，搞点花里胡哨的活动就完事，比亚迪是把对用户的在意，融进了提车、用车、售后的每一步，甚至连我们日常生活里，都能感受到这份用心。最难得的是，比亚迪的暖，不只是陪车主聚聚会、返乡路上送点关怀、给点小惊喜，不只是这些烟火气里的热闹,这份陪伴背后，还有着绿色出行的担当。咱们每一个开比亚迪的车主，平时开着新能源车上班、周末出去玩，看着是很普通的日常出行，但其实都是在为绿色生活出一份力。没有尾气，不浪费资源，每一次开车出发，都是在为咱们的美好明天添砖加瓦。说到底，比亚迪的这种变化，不是不重视技术了，而是懂了，技术最终是给人用的，是要满足我们的情感需求的。从一门心思钻技术，到用心陪伴用户，从只解决出行问题，到守护我们的生活美好，这份藏在细节里的品牌温度，才是大家一直认可它、偏爱它，让它越走越远的关键。",1770815012,2026-02-11 13:03:32+08:00,106,23,485,1770827771206,https://m.weibo.cn/detail/5265121341343002,河北,6500542421,科技无用,m,https://m.weibo.cn/u/6500542421?luicode=20000061&lfid=5265121341343002&launchid=10000360-page_H5,"https://tvax1.sinaimg.cn/crop.0.0.1002.1002.180/0075VC2ply8fz1jc9ps0vj30ru0rumyu.jpg?KID=imgbed,tva&Expires=1770838558&ssig=RXlyXidSyl",绿色出行
5265183263164505,#鄂电快讯#【高效装表接电 护航绿色出行】2月10日，国网通山县供电公司营销部计量人员前往凤池时代广场，为公共停车场新建充电站专变快速完成装表接电。作业人员规范操作、精准施工，高效通电，以可靠电力保障市民绿色出行，为城市新能源基础设施建设注入动能。（华凤平 宋磊） ,1770829775,2026-02-11 17:09:35+08:00,2,0,0,1770827771209,https://m.weibo.cn/detail/5265183263164505,,5506825031,国网湖北电力,m,https://m.weibo.cn/u/5506825031?launchid=10000360-page_H5,"https://tvax3.sinaimg.cn/crop.86.153.383.383.180/0060G4Kzly8h8vi6dfmm7j30fg0j60t9.jpg?KID=imgbed,tva&Expires=1770838551&ssig=jOTSmt6sMj",绿色出行
5264726574760839,绿色出行最大的好处就是你的双脚能最大限度地丈量你所生活城市的土地，能够更多地看到这个城市的不一样的风景。退休了，反而越来越喜欢这种绿色出行方式了 ,1770720892,2026-02-10 10:54:52+08:00,8,4,0,1770827771213,https://m.weibo.cn/detail/5264726574760839,上海,2647795273,跑者running,m,https://m.weibo.cn/u/2647795273?launchid=10000360-page_H5,"https://tvax4.sinaimg.cn/crop.0.0.996.996.180/9dd22649ly8gbnk62ue07j20ro0ro40v.jpg?KID=imgbed,tva&Expires=1770838551&ssig=1lmy2I7U8s",绿色出行
5264801892403070,【今日#小年#解锁清新过年的N种方式】#寻美中国清新年#垃圾分类、绿色出行、光盘行动 ......春节在即，让环保融入火热的节日氛围，快来将你的绿色生活感悟与我们分享，一起#清新过年# @生态环境部 ,1770738849,2026-02-10 15:54:09+08:00,2,2,2,1770827771216,https://m.weibo.cn/detail/5264801892403070,,2050142347,北京生态环境,m,https://m.weibo.cn/u/2050142347?launchid=10000360-page_H5,"https://tvax1.sinaimg.cn/crop.0.0.1023.1023.180/7a32b08bly8h8vhhanbeyj20sg0sf773.jpg?KID=imgbed,tva&Expires=1770838551&ssig=93kdwhH6yf",绿色出行
5264753192863111,#人间值得处# 📝今天是2026年2月10日星期二，农历腊月廿四，中午好。#传递环保正能量#🌿看万物生生不息--春晖润物光线变得绵密起来，冰层边缘开始透亮，土地深处传来细微的松动声响，整个季节正从坚硬走向柔软。这种转变安静却笃定，像时间本身在调整呼吸的深浅与温度。成为自然的朋友，便是懂得欣赏这份笃定。不催促任何苏醒，让融雪按照自己的速度渗入土壤，让枝桠保留舒展前的含蓄姿态。选择绿色出行与简约生活，正是对这份节奏的默契配合——为世界减少一分负担，就为春天的完整多留一寸空间。所有蛰伏都在等待属于自己的晨光。我们此刻给予的耐心，终将化为破土时那抹坚定的翠色。---你窗外的光线是否也换上了春日的质地？留意那片最先被温柔照亮的角落，那是自然发出的共生邀约。  ——文：陌遥 一起聆听四季~[2月序章]~🌿#人生感悟##用音频给生活转个场#♻️陌遥的微博音频,1770727238,2026-02-10 12:40:38+08:00,3,4,1,1770827771218,https://m.weibo.cn/detail/5264753192863111,湖北,7093263080,陌遥,f,https://m.weibo.cn/u/7093263080?luicode=20000061&lfid=5264753192863111&launchid=10000360-page_H5,"https://tvax1.sinaimg.cn/crop.0.0.1080.1080.180/007K2BL2ly8hczssutuqoj30u00u040o.jpg?KID=imgbed,tva&Expires=1770838560&ssig=B7IAnNdXTr",绿色出行
5265153236927371,马年驭新驹，绿意行千里！#小年快乐##全新腾势Z9GT外观亮相##马年马上腾势# 邓伟1979的微博视频 ,1770822616,2026-02-11 15:10:16+08:00,8,2,0,1770827771221,https://m.weibo.cn/detail/5265153236927371,广东,1734584640,邓伟1979,m,https://m.weibo.cn/u/1734584640?launchid=10000360-page_H5,"https://tvax1.sinaimg.cn/crop.0.0.664.664.180/6763a940ly8gdit6f2tnmj20ig0igjsf.jpg?KID=imgbed,tva&Expires=1770838551&ssig=PgQJ6RZfSD",绿色出行
5265295174271883,#比亚迪与曼城足球俱乐部达成合作#2026年2月11日，比亚迪与曼城足球俱乐部正式官宣达成深度战略合作。作为全球新能源领军品牌与英超顶级豪门的强强联手，双方将在汽车供应、绿色能源、品牌展示等领域展开合作。比亚迪将为曼城提供新能源车辆，并配套建设充电与储能系统，以硬核技术助力俱乐部绿色可持续运营。此次合作把中国新能源实力带上世界顶级绿茵场，实现汽车与体育跨界融合，刷新体育营销格局，也进一步推动中国品牌全球化与绿色出行理念普及。 比亚迪与曼城足球俱乐部达成合作,1770856457,2026-02-12 00:34:17+08:00,0,0,0,1770827771224,https://m.weibo.cn/detail/5265295174271883,浙江,7140445333,元宝咩咩_,f,https://m.weibo.cn/u/7140445333?luicode=20000061&lfid=5265295174271883&launchid=10000360-page_H5,"https://tvax4.sinaimg.cn/crop.0.0.1080.1080.180/007NeA17ly8i7ma0z5pp9j30u00u0wir.jpg?KID=imgbed,tva&Expires=1770838562&ssig=Sf61L8rGQB",绿色出行
5265273749770738,博鳌亚洲论坛的“贵宾座驾”上新啦！2月9日，腾势汽车与博鳌正式达成战略合作，交付仪式上，腾势D9惊艳亮相，从此将以高端绿色出行服务，全程护航这场全球瞩目的国际盛会，比亚迪、腾势及博鳌相关负责人共同见证这一高光时刻。能征服顶级论坛的挑剔眼光，腾势D9自有过人之处。Air SPA双零重力座椅、帝瓦雷剧院级声场，把移动座舱打造成“头等舱”；第五代DM-i混动与800V纯电双选项，兼顾豪华与环保，完美契合博鳌“零碳办会”理念。更值得骄傲的是，它不仅是中国用户的首选，更是出海先锋，在海外市场斩获佳绩，此次服务博鳌，更是中国汽车从“产品出海”迈向“品牌价值出海”的生动缩影。腾势D9能脱颖而出，靠的是实打实的硬实力。中国质量协会测评双料冠军、全球首款30万+销量新能源MPV，每一项荣誉都是实力的证明；适配商务与家庭的全场景设计，让它既能成为盛典标配，也能承载家庭温情。此次300台腾势D9护航博鳌，不仅将向全球嘉宾展示中国新能源的技术实力，更将树立全球顶级盛事绿色出行的“中国标杆”，让世界看见中国智造的底气与风采，开启高端出行的全新纪元。,1770851349,2026-02-11 23:09:09+08:00,1,0,0,1770827771227,https://m.weibo.cn/detail/5265273749770738,广东,5086242723,福祁庙孔,m,https://m.weibo.cn/u/5086242723?luicode=20000061&lfid=5265273749770738&launchid=10000360-page_H5,"https://tvax3.sinaimg.cn/crop.0.0.996.996.180/005ydm4Xly8fp70xwl6alj30ro0rpgmo.jpg?KID=imgbed,tva&Expires=1770838564&ssig=UPyjgJwH%2F8",绿色出行
5265272800024812,正式官宣！#比亚迪成为曼城足球俱乐部官方合作伙伴#蓝色风暴席卷全球，绿色足迹遍布世界。同一片蓝天下，我们一路向前！足球曼城[超话]# ,1770851122,2026-02-11 23:05:22+08:00,0,0,0,1770827771231,https://m.weibo.cn/detail/5265272800024812,美国,1063855482,熊哥说车,m,https://m.weibo.cn/u/1063855482?launchid=10000360-page_H5,"https://tvax1.sinaimg.cn/crop.0.0.896.896.180/3f69257aly8g2kpd4sjk3j20ow0ow405.jpg?KID=imgbed,tva&Expires=1770838551&ssig=57lKOYu%2BTQ",绿色出行
5265272060518727,#龙城郎溪##郎溪首届龙王争霸赛##皖美宝藏小城##皖美冬日#  “汪氏兄弟”杯百龙闹春暨首届郎溪龙王争霸赛，即将盛大启幕！一场融合了传统民俗与竞技激情的盛宴，正等待你的到来。让我们从每一次绿色出行做起，从每一条文明发言做起，共同守护这场精彩、安全、和谐的民俗文化盛宴，展现郎溪最美的风采～精彩郎溪，感谢有你！网页链接,1770850946,2026-02-11 23:02:26+08:00,0,0,0,1770827771233,https://m.weibo.cn/detail/5265272060518727,,5827924923,郎溪文化旅游,m,https://m.weibo.cn/u/5827924923?luicode=20000061&lfid=5265272060518727&launchid=10000360-page_H5,"https://tvax1.sinaimg.cn/crop.0.0.1080.1080.180/006mpnv5ly8hvlkvhd2b8j30u00u075l.jpg?KID=imgbed,tva&Expires=1770838567&ssig=kZZu7No8m1",绿色出行
5265270080016791,腾势汽车正式成为博鳌亚洲论坛战略合作伙伴2月9日，腾势汽车与博鳌亚洲论坛在深圳达成战略合作并交付腾势D9，该车作为论坛官方指定贵宾用车，为全球参会嘉宾提供高端绿色出行服务。双方相关领导出席见证，此次合作将为新能源产业全球化、深化国际交流注入动力。比亚迪集团品牌及公关处总经理李云飞、腾势汽车总经理李慧、博鳌亚洲论坛执行主任程霁共同出席见证。博鳌亚洲论坛是连接中国与世界的重要国际交流平台，选择与腾势合作，既是双方绿色可持续发展理念的契合，也是对腾势新能源技术与品牌价值的认可。腾势D9连续三年蝉联中国MPV销量冠军，是全球首个达成30万销量的新能源MPV，已登陆多个国家和地区，获得高端用户认可，此次合作也将向世界展示中国新能源成果。助力博鳌零碳出行，作为比亚迪高端豪华市场布局，腾势将以博鳌论坛为窗口，传递中国新能源实力，助力论坛“零碳办会”，彰显中国汽车品牌的全球引领与担当。#助力博鳌零碳出行#,1770850474,2026-02-11 22:54:34+08:00,0,0,0,1770827771236,https://m.weibo.cn/detail/5265270080016791,湖北,2751242387,迪厂粉,m,https://m.weibo.cn/u/2751242387?luicode=20000061&lfid=5265270080016791&launchid=10000360-page_H5,"https://tvax4.sinaimg.cn/crop.0.0.600.600.180/a3fca093ly8i2of9xhagtj20go0godgr.jpg?KID=imgbed,tva&Expires=1770838569&ssig=py1Z%2BEdTnB",绿色出行
5264878185222046,第四次央视舞台《爱你小孩》#CCTV网络春晚# #丁真井胧沙一汀武艺同台唱rap# #爱你小孩唱出了Z世代的心声# 沙一汀EL记录册的微博视频  ,1770757039,2026-02-10 20:57:19+08:00,430,36,35,1770827908868,https://m.weibo.cn/detail/5264878185222046,湖南,5950199759,沙一汀EL记录册,f,https://m.weibo.cn/u/5950199759?launchid=10000360-page_H5,"https://tvax2.sinaimg.cn/crop.0.0.996.996.180/006uGqLRly8glkp6gryh3j30ro0ro0u0.jpg?KID=imgbed,tva&Expires=1770838702&ssig=OOvMVhj%2Bco",Z世代
5264006287986510,#年轻人的问题能有多抽象#“抽象”是Z世代的社交密码。从表情包到热梗，它构建了独特的圈层文化。年轻人通过这种非主流表达，寻找归属感，在虚拟世界建立真实的情感连接。 思想先行的微博视频 ,1770549162,2026-02-08 11:12:42+08:00,64,20,20,1770827908871,https://m.weibo.cn/detail/5264006287986510,广西,5611703975,思想先行,f,https://m.weibo.cn/u/5611703975?launchid=10000360-page_H5,"https://tvax2.sinaimg.cn/crop.0.0.1080.1080.180/0067M8yrly8hdhlv3a091j30u00u00ve.jpg?KID=imgbed,tva&Expires=1770838702&ssig=6hjBp3jVda",Z世代
5265095469041216,祝大家顺顺利利健健康康~梦想一路生花！#CCTV网络春晚##爱你小孩唱出了Z世代的心声# 网页链接 网页链接 沙一汀EL记录册的微博视频 ,1770808843,2026-02-11 11:20:43+08:00,398,8,16,1770827908874,https://m.weibo.cn/detail/5265095469041216,湖南,5950199759,沙一汀EL记录册,f,https://m.weibo.cn/u/5950199759?launchid=10000360-page_H5,"https://tvax2.sinaimg.cn/crop.0.0.996.996.180/006uGqLRly8glkp6gryh3j30ro0ro0u0.jpg?KID=imgbed,tva&Expires=1770838702&ssig=OOvMVhj%2Bco",Z世代
5264899865576925,小年快乐😃#CCTV网络春晚##爱你小孩唱出了Z世代的心声# 我是井胧的微博视频 ,1770762208,2026-02-10 22:23:28+08:00,10516,4548,2461,1770827908876,https://m.weibo.cn/detail/5264899865576925,河北,3996058027,我是井胧,m,https://m.weibo.cn/u/3996058027?launchid=10000360-page_H5,"https://tvax1.sinaimg.cn/crop.0.0.512.512.180/ee2f01ably8hx0ul1b8lej20e80e83yz.jpg?KID=imgbed,tva&Expires=1770838702&ssig=c%2F2owpXEjO",Z世代
5265254951160551,我们z世代的两个主流钕铜歌手 ,1770846867,2026-02-11 21:54:27+08:00,88,3,1,1770827908878,https://m.weibo.cn/detail/5265254951160551,江苏,5818512811,咣明会_AllForSatan,f,https://m.weibo.cn/u/5818512811?launchid=10000360-page_H5,"https://tvax2.sinaimg.cn/crop.0.0.979.979.180/006lLSYPly8i8ixy036bwj30r70r7gn3.jpg?KID=imgbed,tva&Expires=1770838702&ssig=bglL5iNXss",Z世代
5264888087971601,#丁真井胧沙一汀武艺同台唱rap# 字写的真好看@沙一汀EL #爱你小孩唱出了Z世代的心声##CCTV网络春晚# ,1770759400,2026-02-10 21:36:40+08:00,36,2,1,1770827908880,https://m.weibo.cn/detail/5264888087971601,广东,5304200061,7KL·Blue,f,https://m.weibo.cn/u/5304200061?launchid=10000360-page_H5,"https://tvax3.sinaimg.cn/crop.0.0.1080.1080.180/005MXSJTly8h8s36bxdxaj30u00u076y.jpg?KID=imgbed,tva&Expires=1770838702&ssig=dqiKgccni7",Z世代
5264025837374927,#A股再现00后董事长#🔥鸿铭股份26岁金玺接棒，A股00后董事长阵营扩至两人，这不仅是民营上市公司代际传承的具象体现，更让资本市场看到了Z世代站上舞台的新趋势。从背景来看，两位00后掌舵人均为企二代，且都有着高学历、国际化的标签，金玺哥大企业风险管理硕士的背景，搭配从研发部装配员、工程师助理清点基层的历练，张灏铿的接班也延续了家族企业的培养路径，这种“科班教育+内部沉淀”的模式，其实打破了外界对企二代“空降接班”的刻板印象，也能看出家族企业在传承中对实操能力和公司全链条认知的重视。但市场的关注从来都离不开现实语境，金玺的上任恰逢鸿铭股份业绩预亏、管理层换届的节点，身兼董事长、总经理、法定代表人三职的他，既要扛住业绩扭亏的压力，也要应对上市公司合规治理、行业竞争的多重考验，而这也是所有年轻接班者共同的考题。资本市场从来不会为年龄买单，过往数据里，A股35岁以下青年董事长中，七成上任后加码研发，近六成实现营收正增长，这印证了年轻一代在科技敏感度、数字化思维上的优势，却也说明最终能站稳脚跟的，还是实打实的经营业绩。从更宏观的视角看，00后董事长的出现，是中国民营经济发展到一定阶段的必然结果，创一代打下的基业需要新鲜血液延续，而成长于数字经济和全球化时代的Z世代，其视野和理念本就与产业升级、资本市场高质量发展的方向相契合。但家族传承不等于“家族管理”，如何平衡亲情与公司治理，如何在守住企业基本面的同时做出创新突破，如何真正对全体投资者负责，才是这些年轻掌舵者需要用时间回答的问题。说到底，资本市场乐见新鲜力量的涌入，却始终以价值为核心标尺。00后接棒不是终点，而是企业发展的新起点，唯有将学历背景、国际视野转化为实实在在的经营能力，用业绩和成长性打破“年龄焦虑”，才能真正扛起企业传承与发展的重任，也让市场看到新生代管理者的真正价值。 湖州 遇见南浔不迷路的微博视频,1770553823,2026-02-08 12:30:23+08:00,99,22,5,1770827908883,https://m.weibo.cn/detail/5264025837374927,浙江,7302762794,遇见南浔不迷路,m,https://m.weibo.cn/u/7302762794?luicode=20000061&lfid=5264025837374927&launchid=10000360-page_H5,"https://tvax4.sinaimg.cn/crop.0.0.800.800.180/007YdEcGly8hzmnaoxtxuj30m80m8762.jpg?KID=imgbed,tva&Expires=1770838702&ssig=VgL4HXskSw",Z世代
5264462374243630,"《泰晤士报》的文章，23岁的TikTok明星说：“是我教会了美国人如何变得更‘中国化’”I taught America how to be Chinese, says 23-year-old TikTok star在新泽西的Sherry Zhu带动下，Z世代开始练习用筷子、打太极如果你用筷子夹苹果片、早上先喝一杯放了枸杞的热水，然后去附近的公园慢慢打上一套太极拳，那你很可能正处在人生中一段“非常中国化”的时期。如果你还不到30岁，你不会是唯一这样的人。最近席卷Z世代的一种较为特别的文化潮流，来自TikTok用户分享的、通常与中国相关的养生与生活方式技巧。尽管华盛顿与北京之间关系常常紧张，但被称为“Chinamaxxing（中国化生活风潮）”的社交媒体趋势正在美国走红，也让一些人迅速蹿红网络。这一潮流始于23岁的Sherry Zhu。她穿着中国传统服饰汉服前往母亲家乡贵州旅行的视频获得了十万次观看。Zhu的父母在她出生前就从中国移民到新泽西，她小时候只曾短暂回国探亲。她在马里兰州的约翰·霍普金斯大学完成计算机科学和数学学业后，决定前往中国旅行，看大熊猫、兵马俑，并探望祖父母。当她的帖子突然受到大量关注后，她意识到也许可以继续深入分享相关内容。她说：“评论区里有很多好奇的声音，我就想，也许我可以多发一些关于中国文化的内容。”从那以后，她在TikTok上发布的一系列视频宣称：如果观众具备某些生活习惯，那他们“其实一直都很中国”。这些视频累计获得了数百万次观看。她说：“我的观众主要是二十多岁的女性。有时候我看到她们叫我‘妈妈’，我觉得特别好笑。我很享受看到大家去尝试这些小习惯，认识到中国式的生活方式。我也希望这种传播是出于好奇心，同时也和追求健康有关。”以中国方式锻炼身体的内容也在网络上流行起来。“我正处在人生中很中国的一段时期”这句话引起了许多年轻观众的共鸣。北京智库“中国与全球化中心”的高级研究员Harvey Dzodin将这种现象与中国在上世纪50年代推动的民间外交作比较，认为这有助于国际关系发展。他说：“人与人之间建立联系确实有效。在这个充满冲突的世界里，我们需要搭建桥梁，这就是一座很好的桥梁。”曾在卡特总统政府任职顾问的Dzodin还认为，特朗普总统去年提出的TikTok禁令也起到了一定推动作用。禁令威胁促使超过50万名美国用户——被称为“TikTok难民”——转而使用中国社交应用RedNote，从而接触到更多中国文化内容。Zhu希望这一趋势能让更多人接受与中国相关的事物。她说：“也许那些曾在小学时嘲笑我带的午餐盒的孩子们，如今看到这些内容被广泛分享后，我们可以一起创造一个对华裔美国人更友好的文化环境。”#海外新鲜事#",1770657902,2026-02-09 17:25:02+08:00,118,3,46,1770827908885,https://m.weibo.cn/detail/5264462374243630,广东,5371314996,Joken是个runner,m,https://m.weibo.cn/u/5371314996?luicode=20000061&lfid=5264462374243630&launchid=10000360-page_H5,"https://tvax4.sinaimg.cn/crop.0.0.482.482.180/005RvuoQly8h589ocbgl5j30de0de0th.jpg?KID=imgbed,tva&Expires=1770838704&ssig=oczU5TGlbL",Z世代
5264893085485168,#CCTV网络春晚# 小剧场#丁真井胧沙一汀武艺同台唱rap##爱你小孩唱出了Z世代的心声# 沙一汀EL记录册的微博视频 ,1770760591,2026-02-10 21:56:31+08:00,172,5,7,1770827908888,https://m.weibo.cn/detail/5264893085485168,湖南,5950199759,沙一汀EL记录册,f,https://m.weibo.cn/u/5950199759?launchid=10000360-page_H5,"https://tvax2.sinaimg.cn/crop.0.0.996.996.180/006uGqLRly8glkp6gryh3j30ro0ro0u0.jpg?KID=imgbed,tva&Expires=1770838702&ssig=OOvMVhj%2Bco",Z世代
5264051229950832,【Twi】NCT WISH凭借YouTube Shorts点击量突破1亿，成为首个达成此成就的K-POP男团，稳居短视频平台中心地位。2025年8月17日，NCT WISH官方YouTube频道上传的《石头剪刀布》短视频内容于8日突破1亿点击量。作为K-POP男团官方账号中首个破亿的短视频，这一成绩充分印证了“Z世代偶像”NCT WISH的强大影响力。引发热议的视频记录了成员们进行《石头剪刀布》对决的精彩瞬间。为免落水而全力以赴投入游戏的成员们，展现出诙谐可爱的互动与化学反应，引发观众会心一笑。该视频在YouTube Shorts平台仅用约六个月便达成1亿点击量，收获热烈反响。NCT WISH不仅是YouTube Shorts的焦点，更活跃于Instagram Reels、TikTok等全球短视频平台核心地带。他们通过歌曲、舞蹈翻跳、表情包挑战、幕后花絮等多样化内容，以敏锐的时尚嗅觉与粉丝亲切互动，始终走在传播前沿。去年12月30日，Instagram官方账号将NCT WISH上传的《手忙脚乱》Reels内容评选为当前最热门短视频，进一步提升了关注度。这段通过拍摄角度巧妙呈现成员如钥匙扣般可爱的创意内容，迅速演变为今冬流行挑战，以惊人速度风靡网络。NCT WISH在短视频领域的人气可归因于其对时尚潮流与高感染力内容的精准把握，以及卓越的表现力。他们总能敏锐捕捉新兴挑战热点，并以团队独有的积极阳光特质进行创造性演绎，推出易于模仿、趣味十足的内容，持续引领潮流风向。,1770559877,2026-02-08 14:11:17+08:00,4138,899,5,1770827908891,https://m.weibo.cn/detail/5264051229950832,中国香港,2482557597,韩国me2day,f,https://m.weibo.cn/u/2482557597?luicode=20000061&lfid=5264051229950832&launchid=10000360-page_H5,"https://tvax4.sinaimg.cn/crop.0.0.1080.1080.180/93f8d29dly8gdpvdh40a3j20u00u1juu.jpg?KID=imgbed,tva&Expires=1770838706&ssig=IMJ3WiMlBa",Z世代
5265295247934561,好运满满 财运旺旺🧧马嘉祺#马嘉祺##马嘉祺z世代顶流# 醉奶小祺77的微博视频 ,1770856474,2026-02-12 00:34:34+08:00,1,1,0,1770827908893,https://m.weibo.cn/detail/5265295247934561,安徽,7945135416,醉奶小祺77,f,https://m.weibo.cn/u/7945135416?launchid=10000360-page_H5,"https://tvax2.sinaimg.cn/crop.0.0.1080.1080.180/008FGYFqly8i8betw2j9aj30u00u0wgc.jpg?KID=imgbed,tva&Expires=1770838702&ssig=%2FXcQHGu2e0",Z世代
5265292955748790,#马嘉祺z世代顶流# 💜#马嘉祺我们生活在南京# 节奏缠绕心跳 一键沦陷，马嘉祺《缓释胶囊》魅力无限诠释舞台【马嘉祺楼永一】【新生代歌手马嘉祺】【马嘉祺实力vocal】@时代少年团队长-马嘉祺Motlad嘉祺如梦-马嘉祺的微博视频 ,1770855928,2026-02-12 00:25:28+08:00,0,0,0,1770827908895,https://m.weibo.cn/detail/5265292955748790,福建,7386361731,婳颜挽梦,f,https://m.weibo.cn/u/7386361731?launchid=10000360-page_H5,"https://tvax4.sinaimg.cn/crop.0.0.996.996.180/0083Sq6Dly8i44g7x84cvj30ro0rotdb.jpg?KID=imgbed,tva&Expires=1770838702&ssig=DhilpnDWPt",Z世代
5265291682779574,贺峻霖#贺峻霖 令人心动的offer5#💚 #贺峻霖肯德基品牌代言人#💚 #贺峻霖z世代主持icon# 我觉得 还能走得更远 更坚强 更幸福@时代少年团-贺峻霖 ,1770855624,2026-02-12 00:20:24+08:00,0,0,0,1770827908898,https://m.weibo.cn/detail/5265291682779574,河南,7889540082,-兔塑萌樱,f,https://m.weibo.cn/u/7889540082?launchid=10000360-page_H5,"https://tvax3.sinaimg.cn/crop.0.0.1080.1080.180/008BVHMuly8i9ekho0bxvj30u00u0tb4.jpg?KID=imgbed,tva&Expires=1770838702&ssig=TXRdGv52JW",Z世代
5265291472020865,马嘉祺 m#马嘉祺分享小年夜祝福# j#马嘉祺z世代顶流# 正在看！ ,1770855574,2026-02-12 00:19:34+08:00,0,5,0,1770827908900,https://m.weibo.cn/detail/5265291472020865,四川,7926761890,macrjq,f,https://m.weibo.cn/u/7926761890?launchid=10000360-page_H5,"https://tvax2.sinaimg.cn/crop.0.0.1080.1080.180/008ErSSely8i9m1b9tfxhj30u00u0die.jpg?KID=imgbed,tva&Expires=1770838702&ssig=uyG1bOpHxm",Z世代
5265290711794160,"贺峻霖#贺峻霖z世代主持icon# hjl#贺峻霖 高音爱神#风吹乱了我的头发,出于礼貌,风决定把我的爱去成都告诉一个叫贺峻霖的小朋友@时代少年团-贺峻霖 Suilucidi_贺峻霖的微博视频 ",1770855392,2026-02-12 00:16:32+08:00,0,0,0,1770827908903,https://m.weibo.cn/detail/5265290711794160,湖南,7911526741,小乐神霖,f,https://m.weibo.cn/u/7911526741?launchid=10000360-page_H5,"https://tvax1.sinaimg.cn/crop.0.0.1080.1080.180/008DpXw1ly8i96puo6wouj30u00u0414.jpg?KID=imgbed,tva&Expires=1770838702&ssig=BSovD%2F4n97",Z世代
5264426615705075,绿色春运：低碳出行正从理念走向实践在“双碳”目标背景下，2026年春运呈现出一抹绿色亮色：全国铁路电气化率达75%，高铁承担60%以上中长途客流；多地推广新能源接驳巴士，北京西站试点光伏顶棚为候车区供电；12306上线“碳积分”功能，鼓励旅客选择低碳出行方式。这些举措虽小，却标志着绿色理念正嵌入公共生活肌理。更值得肯定的是公众意识的转变。一位从上海回郑州的大学生主动选择高铁而非飞机，并计算碳排放差额捐给环保项目。类似行为虽属个体选择，却反映出年轻一代对可持续发展的自觉。当绿色成为春运的新风尚，减排就不再是政府单方面的责任。当然，绿色春运仍面临挑战：短途私家车激增、包装垃圾增多等问题亟待破解。未来需通过完善公共交通网络、推广共享出行、强化环保宣传等多措并举，让团圆之路不仅温暖，而且清洁。,1770649376,2026-02-09 15:02:56+08:00,0,0,0,1770833268853,https://m.weibo.cn/detail/5264426615705075,山东,2809301157,三块的可乐第一口值两块五,m,https://m.weibo.cn/u/2809301157?luicode=20000061&lfid=5264426615705075&launchid=10000360-page_H5,"https://tvax3.sinaimg.cn/crop.0.0.1080.1080.180/a77288a5ly8i3lsb2y6r3j20u00u0djr.jpg?KID=imgbed,tva&Expires=1770844051&ssig=KDqRwoTnVD",碳积分
5264421560523850,#现代服务业升级版# 【河北区盘活空间、搭建平台、优化服务、汇聚资源 营造“创新雨林” 激活发展动能】时间的精度可以有多高？在天津市河北区通广科技产业园，一枚枚国产芯片级原子钟正给出答案——“千年误差不足一秒”。这个曾诞生过新中国第一台电视机的老厂房内，高速运转的智能化生产线，正见证着另一项“中国精度”的诞生。“实现全链条自主可控后，我们的产品不仅性能达到国际前沿水平，更把国外同类产品价格拉低了一半。”天津昆泰时空信息科技有限公司负责人孟红玲语气坚定。这家成立仅3年的企业，在河北区完成了从技术攻坚到产业化落地的关键一跃。昆泰时空的突围，是河北区系统性培育创新生态、推动科技成果高效转化的一个缩影。近年来，河北区以推进京津冀协同发展为战略牵引，通过盘活空间、搭建平台、优化服务、汇聚资源，构建起一片“阳光雨露”充沛的创新雨林，让新质生产力的种子在这里破土、扎根、茁壮成长。老空间赋能 筑造创新“强磁场”老厂房的红砖墙，如何容纳下最尖端的芯片制造？走进通广科技产业园，答案就写在一道道玻璃幕墙之后。这个曾诞生“华夏第一屏”的电子工业摇篮，一度面临厂房闲置的困境。河北区选择向存量要增量。“我们的目标不仅是物理空间的更新，更是产业生态的重塑。”河北区科技局副局长李静介绍，通过“市属国企+属地政府”的联合模式与发行政府专项债，已投入上亿元对老旧厂房进行提升改造，并规划了更大规模的城市更新。目前，通广科技产业园已改造载体盘活率达63.5%，引进科技企业34家。政府的角色是“筑巢引凤”与“精准滴灌”。李静表示：“企业需要恒温恒湿环境，我们就匹配层高电力达标的厂房；企业初创成本敏感，我们就协调租金减免和装修补贴，目的就是让企业‘轻装上阵’，把精力全部集中于创新。”这种“接单即办”的服务理念，已成为吸引高端项目落户的软实力。载体焕新同步引入了创新的“催化剂”。以创佳科技园为代表的一批专业化园区，正着力打造“类中关村”产业生态。“我们搭建了‘1+7’全要素服务平台，从概念验证、检验检测到小试中试，全力打通成果转化的‘最后一公里’。”天津市创佳时代科技企业管理有限公司董事长吴锦说，园区聚焦数字医疗等垂直领域，已形成上下游产业聚集的发展格局，成为区域产业升级的新引擎。全链条协同 成果转化“加速跑”优良的生态如同强磁场，吸引着多元创新主体在此汇聚、耦合，形成从研发到市场的完整闭环。在攻坚核心技术的赛道，硬核突破接连不断：国网天津电力依托位于河北区的双碳运营分公司，创新研发电碳监测模型，并牵头承担“低碳高可靠城市配电系统”等国家科技重大专项；中远海运建成天津市无源感知重点实验室，其基于北斗三号的船载产品获得国内首张型式认可证书。在布局未来的前沿，新势力生机勃勃：全市首家AI制药企业贝芸科技，借助自研平台将药物早期发现时间平均缩短约80%；天津美术学院建成实体化人工智能艺术平台，探索科技与人文的融合边界。中科芯创医疗科技作为智慧中医领域的创新者，其发展颇具代表性。“天津是中医客观化研究的发源地，为我们提供了深厚的学术滋养。”公司总经理张轶坤表示，“落地河北区后，我们迅速获得医疗器械注册证，创造了取证时间最短的纪录。这离不开区域精准的产业定位与高效的政务服务。”当科创种子破土而出，金融“活水”的浇灌成为其成长的重要支撑——齐鲁银行在此设立区内唯一科技金融专营机构，“科创积分贷”等产品精准滴灌，科技贷款占比逐年提高。一条覆盖“基础研究—技术攻关—成果转化—金融支持—人才保障”的创新链日益清晰。优良的创新生态，必然催生扎实的创新成果。一批具有竞争力的创新成果赢得国家级认可。在近日公布的中国科协企业科技工作者评价案例成果中，河北区两家科技企业案例脱颖而出：天津铸金科技开发股份有限公司的《耐蚀镍基合金堆焊粉末的研发与应用》获评“攻坚克难优秀案例”；中国铁路设计集团有限公司的《高铁箱梁复杂钢筋系统智造关键技术与装备》获评“攻坚克难入库案例”。“这两项成果，一项攻克了高端材料耐蚀技术难题，一项实现了高铁重大工程装备的智能建造，从基础材料与重大装备两个维度，彰显了区域科技攻关与成果转化的扎实成效，进一步丰富了这片‘创新雨林’的产出图谱。”李静说。锚定战略 擘画未来新蓝图所有的创新，最终指向的是服务国家战略与区域高质量发展。河北区的科技创新，有着清晰的目标导向。基于在量子精密测量等领域的优势，区内企业正从元器件供应商向系统服务商转型，其高精度计时产品已深入航天、智能电网、5G基站等国家新基建关键领域。与此同时，传统产业的智能化绿色化转型也在加速。国能航运绿色智能航运装备联合研发中心正推进实体化运营，开展船舶自主航行等关键技术研究，为港产城融合发展注入科技内涵。前瞻布局已然展开。河北区正积极谋划“长周期”发展。李静介绍，区里已牵头编制《河北区发展航运科技工作方案（草案）》，并联合重点企业赴高校推动在智能驾驶、碳管理等领域的合作。同时，以《河北区科技创新中长期（2026—2035年）发展规划》为牵引，未来将继续推进老旧厂房改造，采取“小规模、渐进式、微更新”方式，打造具有传统工业特色的现代化产业园区，满足更多现代化科技企业的需求。“从破解‘卡脖子’难题的芯片原子钟，到赋能绿色发展的电碳监测模型，再到引领文化科技的AI艺术平台，河北区的科技创新故事，是政府与市场双向奔赴、环境与主体相互成就的缩影。”河北区相关负责人说，该区用心营造一片土壤肥沃、气候适宜、服务精准的创新雨林，创新的种子在此汇聚生长，最终形成支撑国家战略与区域发展的蓬勃森林，由此转化为看得见、摸得着的现实生产力。（天津日报）,1770648171,2026-02-09 14:42:51+08:00,0,0,0,1770833269447,https://m.weibo.cn/detail/5264421560523850,,3002659365,河北区发布,m,https://m.weibo.cn/u/3002659365?luicode=20000061&lfid=5264421560523850&launchid=10000360-page_H5,"https://tvax4.sinaimg.cn/crop.0.0.180.180.180/b2f8f225ly8gdijtadg4yj2050050gll.jpg?KID=imgbed,tva&Expires=1770844053&ssig=%2Bgcgwe6%2FEf",碳积分
5264373028226648,#徐州生活# 【首批122个！徐州发布最新清单】近日，我市发布2026年徐州市场景机会清单和场景能力清单（第一批），其中，场景机会清单50个场景，能力清单72个。这些项目清单涵盖科技创新、产业发展、民生服务、社会治理四大领域，旨在通过推动新技术、新产品、新模式在真实场景中验证、迭代与推广，构建“技术突破—场景验证—产业应用—体系升级”良性发展路径，为经济社会高质量发展注入强劲动能。据介绍，此次发布的清单中，既包含“复杂地质条件下深部空间无人化感知探测试验平台”“数字裸眼3D与新型显示纳米材料融合应用”等前沿技术验证场景，也覆盖“智慧梁厂”“智能纺纱工厂”“矿山智能通风”等产业升级场景，推动人工智能、数字孪生、物联网、区块链等新一代信息技术在实体经济中深度融合。“绿色出行碳积分”“农村生活污水智慧监管”“区域精神疾病智能诊疗网络”“大客流预警疏散”等场景，则紧扣城市运行与公众需求，推动公共服务智能化、社会治理精准化。“近零碳产业园”“智慧农场”“绿色工厂”等场景则呼应“双碳”目标，牵引能源、材料、装备等产业绿色低碳转型。下一步，我市将继续以场景创新为牵引，推动创新链、产业链、资金链、人才链深度融合，为培育新质生产力、建设现代化产业体系、实现经济社会高质量发展提供坚实支撑。,1770636600,2026-02-09 11:30:00+08:00,1,0,0,1770833269450,https://m.weibo.cn/detail/5264373028226648,,3514316985,徐州发布,m,https://m.weibo.cn/u/3514316985?luicode=20000061&lfid=5264373028226648&launchid=10000360-page_H5,"https://tvax2.sinaimg.cn/crop.0.0.640.640.180/d17838b9ly8h8vgrjdjukj20hs0hsaae.jpg?KID=imgbed,tva&Expires=1770844056&ssig=iDOsVP%2BWLk",碳积分
5264368929605000,【绿水青山出新绩】    数九时节，乌蒙高原寒气逼人，而贵州草海国家级自然保护区湿地却生机涌动：黑颈鹤或浅滩啄食，或休闲踱步，或振翅翱翔，现场不时还能遇到赤麻鸭、斑头雁在湖边嬉戏。万鸟翔集的壮美画卷，正是贵州生态文明建设最生动的注脚。　　去年11月以来，飞抵草海越冬的黑颈鹤数量达2898只，再创历史新高。　　摄影师管庆巍每年冬天都会到草海拍黑颈鹤。今年1月上旬，他支起“长枪短炮”，经过连续多天蹲守，将壮丽景象定格在镜头里。　　“记录黑颈鹤的同时，我也见证了草海的变化。”管庆巍感叹，眼前生机勃勃的画面，背后藏着草海从“湿地退化”到“候鸟天堂”的生态密码。　　草海曾因过度垦殖、污水直排导致湿地萎缩，2015年黑颈鹤越冬数量仅有1000余只。近年来，贵州通过系统设计、整体治理，退耕还湖、退林还湖、治污净湖、造林还湖等举措加快生态修复，其中草海北坡被纳入乌蒙山区山水林田湖草生态保护修复工程试点项目的核心修复区域，通过生态修复加快高原湿地功能恢复，这颗高原明珠得以重现“人鸟共生”和谐画卷。　　生态，是贵州最大的发展优势；绿色，是贵州高质量发展的鲜明底色。　　习近平总书记亲切关怀、亲自指引贵州生态文明建设前进方向：从提出“在生态文明建设上出新绩”，再到要求“努力把生态优势转化为发展优势”，殷切嘱托都为贵州生态环境保护和绿色经济发展提供了根本遵循。　　守底线，“护”好绿水青山——　　过去五年里，贵州累计投入超150亿元，践行“山水林田湖草沙生命共同体”理念，推进“山水工程”、历史遗留矿山生态修复、全域土地综合整治等重大项目，累计实施国土空间生态修复面积164万亩，“两江”上游生态屏障持续筑牢。　　强品牌，原生态农产品征服市场——　　位于贵州梵净山脚下的世界超级抹茶工厂里，吸收了海拔1200米负氧离子的新鲜茶叶经10余道工序，最终被研磨成粒度仅2微米的超微粉末。如今，铜仁抹茶产销量排名全国第一、世界第二，飘香全球。　　黔东南的梯田上，黄澄澄的“从江椪柑”挂满枝头，油亮的果皮还沾着山间的露水；在安顺关岭草甸，本地黄牛啃食着鲜嫩的青草，肉质紧实肥美，受到食客好评；乌蒙山区林下种植仿野生天麻，产销两旺……这些从“云雾里长出”的宝贝，从“养在深闺”跃向“香飘全国”。　　笃行生态理念，“兑”现生态价值——　　创新设立“梵净生态账户”，铜仁市江口县20万用户生态行动转化为信用积分，五年共获得超百亿元的优惠信贷，2025年末铜仁市入选国家生态产品价值实现机制第二轮试点名单；西南地区首张水土保持碳票在贵阳市交易成功，为贵州全面推进水土保持项目碳汇开发、测算、交易等提供了示范样本；《贵州省乌江保护条例》等30多项生态改革成果获国家推广。　　加快绿色转型，“育”出发展新动能——　　在国家级绿色工厂贵州轮胎股份有限公司数字生产车间，生产线24小时有序运转。一辆辆基于5G通信技术的无人驾驶AGV小车穿梭忙碌，向各条生产线精准投放物料。厂房屋顶铺满了光伏板，源源不断将波动的阳光转化为稳定的绿色电力。　　绿色转型是制造业可持续发展的必然选择。“十四五”期间，贵州共创建国家级绿色工厂118家、绿色工业园区26个、绿色供应链管理企业10家。　　贵阳贵安在数据中心建设、绿色能源利用上琢磨新办法，成为国内国产化智算能力最强、资源最多的地区之一。　　生态旅游兴起，荔波小七孔成为贵州首个“碳中和景区”。全省清洁能源装机占比突破60%。今天的贵州，绿色经济占比提升至48.8%，“含绿量”持续提升。　　山更绿、水更清、百姓才能更富。当黔金丝猴等珍稀野生动物在山林中自由栖息，当农户在生态茶园、果园里收获希望，当大数据中心服务器以“绿电”驱动数字浪潮，当绿色低碳驱动产业转型，贵州正努力把生态优势转化为发展优势，奋力在中国式现代化进程中展现美丽贵州新风采。,1770635623,2026-02-09 11:13:43+08:00,0,0,0,1770833269453,https://m.weibo.cn/detail/5264368929605000,,3525975020,贵州林业,m,https://m.weibo.cn/u/3525975020?luicode=20000061&lfid=5264368929605000&launchid=10000360-page_H5,"https://tvax3.sinaimg.cn/crop.0.0.704.704.180/d22a1becly8hbsgc0czm2j20jk0jkdg8.jpg?KID=imgbed,tva&Expires=1770844058&ssig=04VTX9oznv",碳积分
5264342178070824,"#昆明商务信息# 【最高支持3000万！昆明商贸流通体系试点城市建设第三批项目申报启动】各县（市）区、开发（度假）区商务主管部门，各有关市场主体：根据《财政部关于印发&lt;服务业发展资金管理办法&gt;的通知》（财建〔2023〕9号）、《财政部办公厅 商务部办公厅关于开展2025年现代商贸流通体系试点城市申报工作的通知》（财办建〔2025〕13号）、《财政部办公厅 商务部办公厅关于支持建设现代商贸流通体系试点城市的通知》（财办建〔2024〕21号）、《昆明市商务局 昆明市财政关于印发〈昆明市现代商贸流通体系建设试点城市项目与专项资金管理办法〉的通知》（昆商务〔2025〕80号）要求，现将昆明市现代商贸流通体系试点城市建设第三批项目申报工作有关事项通知如下：一、支持方向推动城乡商贸流通融合发展01支持骨干市场设施升级、信息化改造等，提升集散、跨区域调运和宏观调控水平，加强标准化菜市场改造；支持符合质量标准的特色农产品批发、零售市场的新建及改造，支持电商、直播、拍卖等经营模式创新。02支持建设改造区域冷链物流基地，增强冷藏、加工、配送等综合能力，连接产地、销地和集散地，与国家骨干冷链物流基地、产地冷链保鲜设施等错位衔接，畅通工业品下乡和农产品进城。03支持商贸流通领域物流标准化、智慧化改造，推广智能仓配、智能引导车、自动分拣、无人配送等设施设备，发展第三方物流、智慧物流,提高流通效率，降低消费成本。04支持城乡商贸流通设施数字化、智能化改造，打造无人商店、智能导购、虚拟体验等应用场景，创新电商、直播、拍卖、即时零售等经营模式，支持符合条件的商贸流通主体开展业态创新和连锁经营，支持将符合条件的零售业创新提升试点项目纳入支持范围，支持提升特色街区、一刻钟便民生活圈服务水平，改善居民消费环境，提升消费体验。建设生活必需品流通保供体系01聚焦生活必需品重点品种，建设改造流通保供重大设施，优化网络布局。02提升农产品批发市场流通保供能力，增强储存、加工、分拣等功能。提高骨干仓储加工配送能力和效率，布局一批区域应急保供中心仓。强化消费终端网络网点建设，提升末端配送、应急投放能力。03完善生活必需品储备调控体系，加强肉、菜、小包装和应急食品等储备建设。04改进信息监测和预测预警，建设全市生活必需品流通保供业务信息化系统，准确反映全市生活必需品市场和商贸流通运行变化趋势，为预测预警、市场研判、应急调度、科学决策提供精准数字化支撑，并强化运行监测分析，提升昆明市现代商贸流通体系信息监测水平。05建设改造“平急两用”备用场地等，预置部分设备设施。完善农村商贸流通体系01支持改造升级乡镇商贸中心、大中型超市、集贸市场等，发展连锁经营、电子商务及直播电商等新模式，完善农产品商品化处理设施，促进农村消费和农民收入双提升。02支持健全县乡村三级物流配送体系，建设改造县区级物流配送中心和乡镇快递站点，发挥邮政、供销和农村经销商网络优势，整合消费品、农资下乡和电商快递资源，大力发展共同配送，推广智能引导车、无人配送等设施设备，降低农村物流成本。鼓励加快新技术应用和新业态培育，降低农村物流成本。加快培育现代流通骨干企业01支持传统批发零售企业数字化转型，整合线上线下营销网络，发展集中采购、统仓统配、即时零售等新模式，向社区和村镇延伸服务。02大力发展现代供应链，依托骨干流通企业建设数字供应链服务平台，提供国内外市场开拓、品牌孵化、集采集配等服务，为中小企业发展赋能。03鼓励骨干流通企业与现代农业、先进制造业、生活服务业跨界融合，构建产供销储运协同供应链，加快推动产业转型升级。04支持发展数智供应链，培育品牌连锁、创新零售业发展，提升消费供给水平。完善城乡再生资源回收体系01统筹使用补助资金完善城乡再生资源回收体系，支持再生资源分拣中心、中转站及回收站点建设，重点支持家电等耐用消费品以旧换新。02支持新建、改扩建废旧家电专业型分拣中心以及包含废旧家电家具等业务的综合性再生资源分拣中心，拓展再生资源集聚、分拣、消纳等功能。03支持以县城和乡镇为重点，结合县区级物流配送中心、乡镇商贸中心等升级改造，建设废旧家电家具等再生资源中转站点或配套设施，畅通家电消费循环。04支持“线上预约、线下回收”“以车代库”、智能回收终端等新模式建设，支持碳积分、生态账户等循环消费模式构建。二、申报条件申报主体要求项目申报主体需同时满足以下要求：1.依法注册登记、具备相应经营能力和信誉的市场主体，证照齐备有效、会计制度完备；2.原则上截至项目申报时，注册时间需满一年；因并购重组等特殊原因新成立的市场主体，注册时间不满一年的，需提供相应的证明材料；3.应为项目实际投资和实施主体；4.管理规范，信用记录良好，具备承担项目实施的能力；5.财务情况良好，不存在资金链断裂、账户被冻结、重大诉讼或仲裁等风险问题；6.近3年未被列入信用中国严重失信主体名单；7.近3年未发生过较大安全生产事故或质量事故，无重大违法违规行为，未造成重大经济损失或社会不良影响；8.申报加快培育现代流通骨干企业方向的，还应满足相关申报条件。申报项目要求申报项目应同时满足以下要求：1.建设内容明确且符合五个支持方向；2.在2025年至2027年期间新建、在建或改造，且能在2027年9月30日前完成的项目；3.有明确的建设方案，资金来源已落实并有合理的支出计划安排；4.需要立项、环评、规划、施工许可等手续的项目，应手续齐全；使用租赁场地建设的，租赁结束期不早于2027年12月31日；5.未获得过超长期特别国债、中央基建投资及地方专项债券支持，且近3年内未获得过其他中央财政资金支持。三、资金支持方式与标准支持方式主要采取先建后补的方式，结合项目实施情况，也可采用以奖代补、贷款贴息等方式予以支持。视情采取“先预拨”的方式拨付不超过50%的项目应享受奖补资金，验收后清算；预拨后若达不到验收标准要求的，按原渠道收回预拨资金。支持标准1.对完善市级流通保供信息监测和预测预警体系建设项目，严格按照政府采购或政府购买服务等相关规定执行。2.对其他符合五个支持方向的项目，单个项目专项资金支持比例一般不超过项目有效投资额的30%。对于公益性强或可补齐本市商贸流通短板的项目，如县域商业体系、县域物流配送体系、特色农产品上行、再生资源回收体系、食用农产品批发市场、标准化菜市场等新建改造项目，可适当提高支持比例，最高不超过项目有效投资额的40%。单个项目支持金额不超过3000万元。其他要求专项资金根据项目数量和资金需求进行预算管理和总量控制；项目有效投资额是指经过第三方服务机构根据有关文件核定，对发生在2024年1月1日以后，符合资金支持范围，且扣除了可抵扣的增值税金额后的金额。以下不纳入支持范围：平衡本级财政预算及偿还债务，支付罚款、捐款、赞助、投资等；征地拆迁、土地开发、建设政府性楼堂馆所、办公楼装修等明令禁止的相关项目以及国家规定禁止列支的其他支出；土建以及具有商业地产开发性质项目，包括土地购置、租赁费用，房屋建设相关的勘测、设计、评估等费用；项目单位内部管理相关投资和支出，如办公楼、员工宿舍、办公物品、人员工资等；项目单位组织工作经费，如项目申报和评审、评价验收、引入第三方监理和项目规划服务等。四、申报程序项目申报坚持公平、公正、公开的原则，面向社会公开征集，企业自愿申报。实施单位申报实施单位自行登录阳光云财一网通平台:网页链接 进行注册申报。同时向各县（市）区商务主管部门提交纸质申报材料。申报单位应真实、准确、全面填报相关材料，网上录入的项目申报内容及材料应与纸质申报材料内容一致。县级审核各县（市）区商务主管部门对申报项目进行审核，县（市）区商务主管部门应进行项目现场查验，确保申报项目真实存在并能够顺利推进，达到验收标准。县区审核意见，由县区商务主管部门同意并加盖公章后，通过公文交换系统报市商务局。市级评定确认昆明市商务局汇总各县区项目，纳入项目储备库管理。根据项目支持方向、申报主体、申报数量等情况，市商务局组织专家组，对申报项目进行评审。公开公示昆明市商务局对拟纳入支持名单的项目进行公示(2月6日起)，公示期为7个自然日。公示无异议后纳入支持项目名单，由市商务局上报市人民政府备案后，市商务局、市财政局报省商务厅、省财政厅备案。五、时间节点实施单位于2026年2月24日—27日完成阳光云财一网通平台录入。各县（市）区商务主管部门于2026年3月1日前完成网上审核工作，同时将经县级审核的申报材料（纸质、电子材料各一份，申报表盖章）报送市商务局516室。六、工作要求各县（市）区商务主管部门要及时跟踪、督导项目实施单位开展项目建设，协调处理项目建设中存在的问题。申报单位积极配合相关部门完成项目申报、核查等工作，按要求做好项目进展情况报送，配合相关部门完成绩效评价工作。附件：(请前往昆明市商务局微信公众号查看)1.关于XX县（市、区）现代商贸流通体系试点城市第X批项目的审核意见.2.昆明市现代商贸流通体系试点城市建设项目申报材料.商务主管部门联系方式昆明市商务局           63120101五华区           63635437盘龙区           65614096官渡区           67174452西山区           68232392东川区           62168159呈贡区           67473310晋宁区           67897841安宁市           68691975富民县           68810908宜良县           67522900嵩明县           67929547石林县           67782611禄劝县           68991040寻甸县           62662619高新区           64881892经开区           68162971度假区           64893295阳宗海           66024976滇中新区直管区           67333282磨憨—磨丁合作区           8811204(昆明市商务局)",1770629244,2026-02-09 09:27:24+08:00,1,0,0,1770833269456,https://m.weibo.cn/detail/5264342178070824,,3806199617,昆明市商务局,f,https://m.weibo.cn/u/3806199617?luicode=20000061&lfid=5264342178070824&launchid=10000360-page_H5,"https://tvax1.sinaimg.cn/crop.0.0.600.600.180/e2ddff41ly8h8vhiybfucj20go0go75p.jpg?KID=imgbed,tva&Expires=1770844060&ssig=ZpHbPlfdIj",碳积分
5263954993481383,#春风十里昆明有你#【纳光晔：植绿于心，做春城的“低碳播种者”】清晨的阳光掠过昆明市联盟街道长青社区的低碳林，树叶的缝隙间洒下细碎的光斑。长青社区副主任纳光晔每天穿梭于楼宇间、绿荫下，她的工作与许多社区干部一样琐碎，却又有些不同，她手里攥着的，不仅是社区服务的清单，更有一把蕴藏绿色未来的种子。长青社区是云南第一个综合性低碳示范点。从“绿色”到“低碳”，再到“近零碳”，这三个词在纳光晔看来不是虚无的口号，而是需要步步落地的实干脚印。“‘绿色’是底色，我们建市民低碳林、做下沉绿化，先把社区铺满绿意；‘低碳’是生活，节水活动、共享单车进社区、节能家电推广，让居民习惯更环保；‘近零碳’是目标，光伏车位、太阳能路灯、运动发电装置……我们要让能源越来越清洁。”“绿色不是一句口号，是要让居民摸得着、看得见的日常。” 谈及社区的低碳实践，纳光晔的话语朴实而坚定。从打造下沉式绿化带，到更换太阳能路灯，从推广新能源车共享充电，到给楼道灯加装感应装置，她牵头推进的每一项举措，都藏着“精打细算”的环保智慧。最让她骄傲的，是“一家一年一万升”节水活动的推行。起初，不少居民觉得“节水是小事，没必要较真”。为此，她带着同事挨家挨户走访，用一次次的科普宣传、一个个的暖心服务，慢慢化解矛盾，最终，以“每天省 10 升水，一年就能浇活一片林”的实在账，打动了大家。如今，社区每年节水超1万吨，节水理念也悄然融入了居民的生活习惯。面对如此成效，她说，“我们不是要改变谁，而是要和大家一起，找到和自然相处的最好方式。”为了让更多人主动参与低碳行动，她还琢磨出“节能积分”兑换机制。居民节水节电、分类垃圾，就能换取环保文创和生活用品。低碳林认领、环保创意集市、科普课堂…… 一场场接地气的活动，让绿色生活变得有乐趣、有温度。现在，社区低碳参与率高达 95%，绿色出行成了居民出门的首选。谈及未来，她眼里闪着光。“我希望每个家庭都能种下一颗低碳的种子。” 她说，“一个人的力量或许微小，但千千万万个我们汇聚起来，就能让春城的天更蓝、水更清，让绿色成为这座城市最动人的底色。”从生态社区到绿美春城，那些我们原本习以为常的蓝天碧水、绿树繁花，正是得益于如纳光晔一般的基层工作者们用信仰与担当、智慧与行动倾心守护的结果。他们或许没有惊天动地的壮举，却以最质朴的坚守，让“绿美春城”从纸上愿景走进了千家万户的烟火日常。春风十里，最美的风景，或许正藏在这些默默扎根、让城市悄悄变好的身边人之间。 #凡人微光聚春城##我就是滇风#,1770536933,2026-02-08 07:48:53+08:00,124,84,44,1770833269459,https://m.weibo.cn/detail/5263954993481383,陕西,1251630661,森淼淼v,f,https://m.weibo.cn/u/1251630661?luicode=20000061&lfid=5263954993481383&launchid=10000360-page_H5,"https://tvax2.sinaimg.cn/crop.0.0.664.664.180/4a9a5e45ly8gdi5f6bcxcj20ig0ig0t8.jpg?KID=imgbed,tva&Expires=1770844062&ssig=uTjtLA%2Fv3s",碳积分
5264025493441610,全年销量不过百！这些品牌是什么情况？ 懂车的微博视频 ,1770553741,2026-02-08 12:29:01+08:00,0,0,0,1770833269462,https://m.weibo.cn/detail/5264025493441610,广东,5964048376,懂车,m,https://m.weibo.cn/u/5964048376?launchid=10000360-page_H5,"https://tvax4.sinaimg.cn/crop.133.176.835.835.180/006vCxqEgy1fu7vw8u8pxj30u00u0jux.jpg?KID=imgbed,tva&Expires=1770844051&ssig=C3%2Bc2yVhYp",碳积分
5264003380546707,创新三力：洞察、整合、执行   要想成为一个成功的创业者，从创业开始的第一天，就不要循规蹈矩，一定要具备创新能力。创业者的创新能力，远不只是“想出一个新点子”，它是一种将非常规的、有价值的新想法，转化为可行业务和市场份额的综合性能力。   在资源有限、不确定性高的创业环境中，这种能力尤为关键。国内外成功的创业者，如：乔布斯、张一鸣、黄铮等人的创业过程来看，创新能力最核心的三个方面是：洞察力、整合力与执行力   1.洞察力   发现消费者“未满足”与“未言说”的需求，这是乔布斯式创新的核心。它要求穿透表面需求，洞悉人性、社会趋势和技术可能性的交汇点。   不仅是解决一个现有问题，更是重新定义问题，或创造出用户自己都未曾意识到的新需求。这需要创业者能从抱怨、琐碎细节或边缘文化中，发现巨大的市场机会。   2.整合力   连接“不相关”与“不可能”，创业者往往缺乏资源，因此必须创造性地重组现有资源。将不同领域的技术、商业模式、渠道或元素进行新颖组合，产生“1+1&gt;2”的效果。如：将订阅模式引入传统硬件销售（如云服务），或用社交媒体玩法做电商。   3.执行力   在试错中“快速验证”与“持续迭代”，这是将想法从0推到1的关键。创业创新不是一个完美的蓝图，而是一个快速学习的过程。关键是要用最小成本构建原型（MVP），投入真实市场测试，根据反馈快速调整甚至彻底转向。   ●经典的例子： 苹果公司的 iPod + iTunes   MP3播放器本身不是苹果发明的，但iPod极简的设计和iTunes音乐商店的商业模式是新颖的组合。它极大地简化了寻找、购买和管理数字音乐的过程，为用户创造了巨大价值，也为音乐产业带来了新的商业模式。   实施后，它被大规模生产、销售，并彻底改变了整个音乐产业。   ●张一鸣的字节跳动   他创办字节跳动的核心洞察就是：在“人找信息”的门户和搜索时代，他洞察到“信息找人”的下一代趋势，并坚信算法的精准分发能创造巨大价值。   有了以上洞察，进行了关键资源整合：将先进的机器学习算法与海量的内容消费场景（从新闻、短视频到电商）相结合，打造了强大的推荐引擎。    今日头条成功后，迅速复制“算法+内容”模式，通过内部孵化和快速迭代，推出抖音、TikTok等产品，形成产品矩阵。   张一鸣的创新体现：洞察力（技术趋势） + 整合力（算法×场景） + 执行力（快速复制与全球化）   ●黄峥的拼多多   黄铮的核心洞察：洞察到被主流电商忽视的“五环外”巨大市场，以及熟人社交网络中所蕴含的、未被电商开发的信任与娱乐化购物需求。   基于这个洞察，创造性地整合了社交裂变（拼团）、游戏化设计（多多果园） 与 高性价比供应链，开创了“社交电商”新模式。   在执行层面上，依托微信生态快速起量，并持续迭代，从农产品上行切入，逐步升级为全品类平台。   黄铮的创新体现：洞察力（下沉市场与社交心理） + 整合力（社交×游戏×电商）   从这些成功的创新可以看到，一个真正的创新通常包含三个关键要素：   ①新颖性： 必须包含新的元素   ②价值性： 必须能解决一个实际问题、满足一种需求、或创造新的价值   ③实施性： 想法必须被成功地转化为现实，并得到应用和推广   创业者的创新能力可以从以下五个可落地的执行层去实施：   一是，要素重混   把旧要素搬到新场景，创造 10 倍体验。如：瑞幸把“外卖骑手+咖啡机+数据选址”拼在一起，用 6 个月时间开出 2000 家店，单店日销 300 杯即可打平，传统星巴克需 700 杯。   二是，成本换轴   把行业默认的高成本环节砍掉或外包，用“成本结构创新”解锁价格带。如：拼多多早期把“流量采买”成本转嫁给厂商（CPT 竞价），自己只做轻量聚合页，GMV 破万亿时员工仍不到 6000 人。   三是，价值锚点迁移   换一条“估值逻辑”讲故事，让资本愿意提前支付未来 5 年的现金流。如：特斯拉早期不卖“汽车”，卖“零碳积分+自动驾驶软件”，毛利率 25% 时福特只有 8%，从而拿到廉价资本扩产能。   四是，约束套利   把政策、文化、供应链的“局部非效率”变成你的护城河。如：SHEIN 利用 2018 年“中美 800 美元免税小包”窗口，把 40 天海运供应链压成 7 天空运小包，比 Zara 更快却更低关税。   五是，迭代飞轮   用数据闭环把“小创新”滚成“大壁垒”。如：字节跳动每上线一个短视频特效，实时 AB 测试 0.3% DAU 提升即全量发布，一年累计 2000 次迭代，把快手甩开 1 亿日活。   一句话总结：   创新能力 =（旧要素 × 新组合 × 成本换轴）× 资本杠杆 × 迭代速度,1770548469,2026-02-08 11:01:09+08:00,1,0,3,1770833269464,https://m.weibo.cn/detail/5264003380546707,重庆,7800412157,创业狗-创业知识分享者,m,https://m.weibo.cn/u/7800412157?luicode=20000061&lfid=5264003380546707&launchid=10000360-page_H5,"https://tvax1.sinaimg.cn/crop.0.0.600.600.180/008vTJxjly8h7xjgnwufnj30go0got9h.jpg?KID=imgbed,tva&Expires=1770844064&ssig=mn41tN3iF4",碳积分
5263483316999456,周诗雨  🌧️#周诗雨0411生日快乐# 20260206｜周诗雨wb群消息更新💧🫶🥣  🌧️下午好呀 焙茶拿铁还蛮好喝的嘛 回家给丢丢梳个浮毛🌧️整理了好久资料 眼睛都拴了🌧️发了个小抖网页链接🌧️明天找你们玩哦🌧️我发现 我下雨也不带伞 今天出了两趟门 想了下 最后都不带伞 反正可以戴帽子 带伞好麻烦 偶像剧也没有在冬天淋雨的吧 上次看到淋雨的 皇甫家🌧️突然发现自己在发抖 整个人都感觉在抖 一伸手 手都在抖 可能是不是饿的 没吃晚饭 复盘一下今天吃了啥 有必要饿得发抖吗hhh 低血糖是这个症状吗 🌧️我刚吃了颗薄荷糖 1点喝了点胡辣汤 吃了3个锅贴 出门买了杯焙茶拿铁 估计喝了半杯 回家吃了一个芒狗 今天刚收到 一个拳头大 还吃了点番茄味薯片 我的一个拳头很小hhh 🌧️这一天吃得乱七八糟 锅贴不就是碳水 要出门没法在家做酸奶碗 我都快吃撑死了 实在吃不下第四个了 怎么还算我半空腹 那种长长的牛肉锅贴 不是煎饺那种 🌧️你们吹牛吧 怪不得你们这么有力气 都去干体力活了是吧🌧️糟了的 吃饱了‼️【2026新春周边】网页链接‼️【2026新年台历】网页链接‼️【现货周边*一周内发货】网页链接‼️【日常积分赞赏】网页链接‼️【2026生日大屏解锁】网页链接,1770424476,2026-02-07 00:34:36+08:00,237,7,10,1770833269467,https://m.weibo.cn/detail/5263483316999456,福建,6503982444,周诗雨FM0411听雨台,m,https://m.weibo.cn/u/6503982444?luicode=20000061&lfid=5263483316999456&launchid=10000360-page_H5,"https://tvax2.sinaimg.cn/crop.0.0.722.722.180/0076a2WEly8i272odp9usj30k20k20uh.jpg?KID=imgbed,tva&Expires=1770844067&ssig=GBNvGPu9Gm",碳积分
5263703211512315,小鹏和Lemmo联名的碳纤维折叠车相当不错，居然能放在我的P7后备箱，完美实现轿跑内置携带2轮车，不用高举过头放车顶，以后我也能纯电4➕2出行了我的鹏麟纹LEMMO限量版编号99，是我喜欢的数字改天天气好我骑他个50公里试试#兄弟电动# ,1770476903,2026-02-07 15:08:23+08:00,5,6,0,1770833269471,https://m.weibo.cn/detail/5263703211512315,江苏,7286408656,兄弟电动,m,https://m.weibo.cn/u/7286408656?launchid=10000360-page_H5,"https://tvax3.sinaimg.cn/crop.0.0.1080.1080.180/007X71Kgly8i5t3mwhsi1j30u00u0t9d.jpg?KID=imgbed,tva&Expires=1770844051&ssig=g%2FegQbzMdp",碳积分
5265226619684867,#当新能源冠军遇上英超冠军# 比亚迪官宣成为曼城足球俱乐部官方合作伙伴👏五冠荣耀源于对胜利的执念，全球领跑源于对技术的深耕。比亚迪 × 曼城足球俱乐部，是冠军基因与顶尖科技的双向奔赴。比亚迪深耕多年，技术层面不断升级瓜迪奥拉执掌曼城十载蓝月亮成为英超豪门，拥有属于自己的底色两大领域王者的强强联合，从绿茵场到绿色出行，共赴未来之路！,1770840112,2026-02-11 20:01:52+08:00,217,80,162,1770833397917,https://m.weibo.cn/detail/5265226619684867,上海,2687092401,朱迟蕊Rui,f,https://m.weibo.cn/u/2687092401?luicode=20000061&lfid=5265226619684867&launchid=10000360-page_H5,"https://tvax4.sinaimg.cn/crop.0.0.1080.1080.180/a029c6b1ly8i52hg4k2dsj20u00u0wg0.jpg?KID=imgbed,tva&Expires=1770844189&ssig=uyG8bFlnJ%2F",绿色出行
5265259866620186,#毛猴#绿色出行， 共享单车用起来。#剪纸# 年年有余（“一乐剪纸”欣赏）。D4099。 ,1770848038,2026-02-11 22:13:58+08:00,1,0,0,1770833397921,https://m.weibo.cn/detail/5265259866620186,北京,5140111390,文华-猴趣无限,m,https://m.weibo.cn/u/5140111390?launchid=10000360-page_H5,"https://tva4.sinaimg.cn/crop.0.230.592.592.180/005BRnMqjw8eghi11ejlrj30gg0t8405.jpg?KID=imgbed,tva&Expires=1770844189&ssig=GUPzkmYsqk",绿色出行
5265258434268320,布达佩斯绿色出行健康快乐两不误,1770847696,2026-02-11 22:08:16+08:00,0,0,0,1770833397924,https://m.weibo.cn/detail/5265258434268320,甘肃,7366745556,凌舞久儿,m,https://m.weibo.cn/u/7366745556?launchid=10000360-page_H5,"https://tvax2.sinaimg.cn/crop.0.0.500.500.180/0082y72Ily8i9cpw2rwo6j30dw0dwwfq.jpg?KID=imgbed,tva&Expires=1770844189&ssig=dmaMUZJi%2FE",绿色出行
5265226175877894,一个是全球新能源车卖得最火的，一个是全世界最顶级的足球豪门之一。两家都特别会赢，比亚迪在新能源赛道上赢，曼城在足球场上赢…#比亚迪成为曼城足球俱乐部官方合作伙伴#而且这合作，不光是挂个logo那么表面。从一线队的训练服，到球队大巴开道的先导车，再到整个足球学院的充电、储能体系，比亚迪直接把自家最硬核的电池技术和绿色出行方案，给曼城武装到牙齿了。我特别喜欢合作声明里的一句话：不止于足球与汽车的联动。一个要用技术改变出行方式，一个想在绿茵场打造更环保、更长久的赢家体系。#当新能源冠军遇上英超冠军#未来在看曼城比赛时，看到比亚迪的标识和车队，感觉会特别奇妙。真的很期待，这场蓝色风暴与绿色科技的携手，能碰撞出什么样的新故事。 猹猹末班车的微博视频,1770840006,2026-02-11 20:00:06+08:00,2854,1381,1518,1770833397928,https://m.weibo.cn/detail/5265226175877894,北京,3117570087,猹猹末班车,m,https://m.weibo.cn/u/3117570087?luicode=20000061&lfid=5265226175877894&launchid=10000360-page_H5,"https://tvax2.sinaimg.cn/crop.0.0.1080.1080.180/b9d25827ly8i7bi3juzubj20u00u0gob.jpg?KID=imgbed,tva&Expires=1770844191&ssig=hLUo60fZpu",绿色出行
5265226165650720,迪子你又闷声干大事！比亚迪与曼城的跨界合作堪称强强联合，新能源全球冠军携手英超顶级豪门！此次合作并非简单的品牌露出，比亚迪会为曼城提供车辆及充电、储能电池体系，实打实助力俱乐部的绿色运营，让俱乐部的低碳发展有了专业的技术支撑，把环保理念真正落到了实际运营中。 比亚迪近年在体育营销领域的布局持续发力，从各类国际足球赛事到足坛强队接连达成合作，不断将中国新能源科技推向全球舞台。贯彻绿色出行，小迪持续发力中！#比亚迪成为曼城足球俱乐部官方合作伙伴#  #当新能源冠军遇上英超冠军# 伞花菌的微博视频,1770840004,2026-02-11 20:00:04+08:00,121,17,267,1770833397931,https://m.weibo.cn/detail/5265226165650720,内蒙古,2293533604,伞花菌,f,https://m.weibo.cn/u/2293533604?luicode=20000061&lfid=5265226165650720&launchid=10000360-page_H5,"https://tva1.sinaimg.cn/crop.0.0.1242.1242.180/88b48ba4jw8fb6mudywx8j20yi0yidjm.jpg?KID=imgbed,tva&Expires=1770844193&ssig=BIJbwFzWyV",绿色出行
5265249821527322,2月9日，腾势汽车和博鳌亚洲论坛正式“牵手”，成为战略合作伙伴。作为中国连接世界的重要高端对话平台，博鳌亚洲论坛选择了腾势D9作为官方贵宾用车。以后论坛的贵宾们，都能体验到这款中国高端新能源MPV的绿色出行服务了。你可能好奇，为啥是腾势D9？因为它真的很“能打”。腾势D9已经连续三年稳坐国内MPV市场销量冠军的宝座，而且是全球第一款卖出超过30万辆的新能源MPV，实力可见一斑。这款车在海内外卖的都很好，受到了很多高端商务人士和家庭的喜爱。选它服务国际盛会，够格，也够有面儿。,1770845644,2026-02-11 21:34:04+08:00,0,0,0,1770833397934,https://m.weibo.cn/detail/5265249821527322,广东,6375898321,精致女孩-r,f,https://m.weibo.cn/u/6375898321?luicode=20000061&lfid=5265249821527322&launchid=10000360-page_H5,"https://tvax4.sinaimg.cn/crop.0.0.512.512.180/006XuCpHly8hzcrb1i1q5j30e80e8mxp.jpg?KID=imgbed,tva&Expires=1770844196&ssig=N5%2B8byyvTp",绿色出行
5265247736960986,支持比亚迪，绿色出行//@陆小路同学:比亚迪x英超豪门曼城，这波真绝绿茵场上的蓝色风暴，马路上的绿色出行～同一片蓝天一起守候！,1770845147,2026-02-11 21:25:47+08:00,0,0,0,1770833397936,https://m.weibo.cn/detail/5265247736960986,山东,6159222757,B莲莲XL,f,https://m.weibo.cn/u/6159222757?launchid=10000360-page_H5,"https://tvax4.sinaimg.cn/crop.0.0.1080.1080.180/006IPtcxly8i1v6oj79bpj30u00u0jyq.jpg?KID=imgbed,tva&Expires=1770844189&ssig=anyYC5PR4n",绿色出行
5265241713672763,体验生活～地铁🚇火车🚄绿色出行 ,1770843711,2026-02-11 21:01:51+08:00,0,0,0,1770833397939,https://m.weibo.cn/detail/5265241713672763,吉林,1898861203,再见_青春ff,f,https://m.weibo.cn/u/1898861203?launchid=10000360-page_H5,"https://tvax1.sinaimg.cn/crop.0.0.1080.1080.180/712e5293ly8gd0tccceghj20u00u0gmb.jpg?KID=imgbed,tva&Expires=1770844189&ssig=sQuCgbQYnL",绿色出行
5265241161860418,比亚迪和曼城一起共赴绿色出行新征程,1770843578,2026-02-11 20:59:38+08:00,0,0,0,1770833397942,https://m.weibo.cn/detail/5265241161860418,广东,7919773054,抱素喔,f,https://m.weibo.cn/u/7919773054?launchid=10000360-page_H5,"https://tvax2.sinaimg.cn/crop.0.0.1024.1024.180/008DYyL4ly8i3cuesd0iej30sg0sgdiq.jpg?KID=imgbed,tva&Expires=1770844189&ssig=kIeXcsaSoz",绿色出行
5265236518504534,绿色出行和足球魅力完美契合在一起,1770842472,2026-02-11 20:41:12+08:00,0,0,0,1770833397944,https://m.weibo.cn/detail/5265236518504534,广东,6356740730,嗯哼嗯哼吧啦吧,f,https://m.weibo.cn/u/6356740730?launchid=10000360-page_H5,"https://tvax4.sinaimg.cn/crop.0.0.996.996.180/006WceEily8gnjglhh503j30ro0ro0wd.jpg?KID=imgbed,tva&Expires=1770844189&ssig=h%2BFEZwMcNB",绿色出行
5263442017781187,碳路者：数字产业园如何为绿色转型提供合规路径在全球应对气候变化、推动“双碳”战略的宏观背景下，企业的绿色转型不仅是社会责任，更已成为关乎市场准入与长远发展的核心议题。云上宜昌数字经济产业园，正通过构建一套“碳数据-碳合规-碳价值”的全链路服务体系，助力电商、直播等新业态企业，将环境责任转化为可量化、可交易、可增值的绿色资产，从而实现经济与生态效益的双赢。数据基石：企业碳足迹的在线化盘查与认证绿色转型的第一步在于清晰的碳排放家底。对于电商经营者而言，其碳足迹贯穿于办公能耗、仓储物流、包装耗材乃至云端服务器使用等全环节。云上宜昌平台通过对接政府“双碳”大数据平台与企业经营数据接口，可为入驻企业提供标准化的在线碳盘查工具。企业只需在完成营业执照在线申领及后续经营报备的过程中，同步上传能耗账单、物流单据等信息，系统即可依据国家发布的各类行业排放因子核算标准，自动生成一份符合国际主流框架（如ISO 14064）的《温室气体排放报告》。这份具备第三方机构背书的电子报告，不仅是企业参与绿色供应链评选、申请“绿色工厂”认证的基石，更是未来进入碳排放权交易市场的前提。合规赋能：将环保要求无缝嵌入日常经营流程随着全球范围内碳关税（如欧盟CBAM）、环保法规的趋严，绿色合规已成为跨境贸易的新壁垒。云上宜昌的服务体系前瞻性地将环保合规要求融入企业运营的关键节点。例如，在为企业提供小程序建站与品牌策划服务时，平台会引导并帮助企业申请“绿色电商”标识，优化页面设计以减少用户端能耗（即“数字减碳”）。在为出口型企业办理跨境业务备案时，同步提示其目标市场的环保法规与包装材料要求，并推荐经认证的合规供应商。这种“伴随式”合规服务，极大降低了企业因环保不合规而遭遇下架、罚款或订单损失的风险。价值转化：从成本中心到绿色资产的价值跃迁云上宜昌的核心优势在于打通绿色行为的“价值闭环”。园区整合的财税返还政策，正逐步与企业的绿色评级挂钩。例如，对购买使用清洁能源、采用可循环快递包装、或通过平台完成节能改造的企业，可在原有财税返还基础上获得额外的“绿色激励系数”。更深远的是，平台正探索与区域性环境权益交易所合作，未来企业通过节能改造或使用绿色电力产生的减排量，可经核证后转化为碳普惠积分或国家核证自愿减排量（CCER），直接在碳市场交易，创造新的收入流。行动指引：即刻访问云上宜昌官网“绿色发展”专区，下载《电商企业碳减排路径白皮书》，并可通过“云上中国”公众号预约专属碳盘查体验。创业#营业执照##企业服务##云上中国##创业者记录#,1770414630,2026-02-06 21:50:30+08:00,0,0,0,1770833649810,https://m.weibo.cn/detail/5263442017781187,湖北,9143871164,云上酱00,f,https://m.weibo.cn/u/9143871164?luicode=20000061&lfid=5263442017781187&launchid=10000360-page_H5,"https://tvax4.sinaimg.cn/crop.0.0.500.500.180/009YOKAYly8i4zca2ixtxj30dw0dwaaf.jpg?KID=imgbed,tva&Expires=1770844430&ssig=snCeSKZaEY",碳积分
5263295155536383,【贵州：在“生态+”上出实招 】贵州省“十五五”规划建议提出，要以生态资源保护开发为重点，推动生态优势转化为经济优势、发展优势。近年来，贵州坚守发展和生态两条底线，通过“生态+农业”“生态+旅游”“生态+数字”等多元路径，不断探索生态产品价值实现机制，将绿水青山的生态禀赋转化为产业发展的绿色动能，让绿色成为高质量发展的鲜明底色。2025年种植面积21.2万亩、综合产值超30亿元……黔西南州兴仁市薏仁米产业再交亮眼成绩单，让“中国薏仁米之乡”的美名名副其实，更托起了20余万群众的“兴业梦”。多彩贵州物华天宝。近年来，薏仁米、刺梨、辣椒、抹茶、天麻、竹荪等国家地理标志农产品不断叩开更大更远的市场，是贵州不断将生态优势转化为产业优势的生动图景。贵州始终守好发展和生态两条底线，一张蓝图绘到底，深入打好蓝天、碧水、净土保卫战，以“含绿量”提升增长“含金量”。“生态优势不仅在于‘存量禀赋’，更在于‘系统性潜力’，需要筑牢生态刚性约束、产业差异发展、品牌持续守护三大支柱，将生态优势系统性融入经济发展，更要激活人文与生态的共生价值。”贵州财经大学贵州绿色发展战略高端智库研究员张洪昌说。2025年底，铜仁市入选第二轮国家生态产品价值实现机制试点城市。这一成果的取得，有贵州梵净生态产品价值实现服务管理有限公司开发的“梵净生态账户”小程序的功劳。“‘梵净生态账户’整合生态价值认定、开发、流转全流程数字化功能，集文化旅游、绿色消费、绿色金融等多功能于一体，设置有生态积分、生态超市、绿色金融等模块，可为用户提供便捷的生态资产管理与价值转化渠道。”公司副总郑陆鹭介绍，这一创新打造的将生态积分与绿色金融深度融合的模式，形成了区别于其他地区的生态产品价值转化的新路径。数据显示，“梵净生态账户”已累计上架368款生态物质产品，完成交易3350余笔，交易总额突破130万元。此外，小程序还接入126款绿色金融产品。截至2025年三季度，共建户20.77万户，累计发放贷款110亿元，为经营主体节约融资成本约2亿元。绿水青山就是金山银山，思路一转路更宽。贵州各地结合生态禀赋，在“生态+”产业高质量发展上出实招、亮成绩。2025年，白云区、关岭自治县、剑河县被生态环境部评为生态文明建设示范区；花茂村、雷山县、荔波县获评“绿水青山就是金山银山”实践创新基地，成为生态产品价值实现和美丽中国建设的贵州代表。以省级生态产品价值实现机制试点地雷山县为例，“茶麻菇稻”农文旅融合产业园等“生态+旅游+农业”相关项目做得风生水起，有力延伸了生态产业链，带动就业1万余人……贵州绿创江南环保科技有限公司是省内首批获得环境影响评价资质，并最早面向社会提供环保技术服务的单位。它以“环保管家”模式构建覆盖环保全产业链的“一站式服务平台”，已成为推动遵义地区绿色转型的重要力量。“我们致力于以技术创新驱动绿色发展，努力探索环保治理、节能减排及资源循环利用新技术，并提供碳资产管理、碳交易咨询等服务，帮助企业客户实现碳减排目标。”绿创江南董事长彭杰介绍，目前，该公司已成功接下贵州茅台集团、贵州遵钛集团等数百家企业的相关业务，2025年产值超2000万元。一个个零碳园区、绿色工厂、绿色开发区正成为贵州加快绿色转型升级的优良土壤。在大龙经济开发区，贵州红星电子材料有限公司年处理6000吨废旧三元锂电池的生产线上，一块块废旧锂电池通过粉碎、浸取、除杂、合成，变身高品质再生材料，再次被投入生产线。2025年，红星电子实现营收约2亿元，工业固体废弃物循环产业链“点废成金”的故事在这里具象化。当前，锚定在2030年形成年处理超10万吨的电池综合回收能力的战略目标，该公司正加快建设新产线，并持续加大研发投入和技术攻关。在能源领域，截至2025年年底，全省电源装机1.05亿千瓦。其中，新能源装机3891万千瓦、占总装机37%，形成了“水、火、风、光、储”多能多元保障格局。,1770379615,2026-02-06 12:06:55+08:00,0,0,0,1770833650437,https://m.weibo.cn/detail/5263295155536383,,3525975020,贵州林业,m,https://m.weibo.cn/u/3525975020?luicode=20000061&lfid=5263295155536383&launchid=10000360-page_H5,"https://tvax3.sinaimg.cn/crop.0.0.704.704.180/d22a1becly8hbsgc0czm2j20jk0jkdg8.jpg?KID=imgbed,tva&Expires=1770844432&ssig=QRLIrNz2ZJ",碳积分
5263285870137537,【借“光”生金 浙江#群围村零碳村镇的致富经#】中央一号文件提出，要以学习运用“千万工程”经验为引领，以改革创新为根本动力，因地制宜推进宜居宜业和美乡村建设。日前，浙江杭州群围村入选农业农村部“中国零碳村镇促进项目”第二批试点名单。群围村把垃圾处理、房前屋后卫生、庭院美化等一系列内容纳入积分管理，形成“行为量化——积分兑换——物质激励”的闭环机制。此外，低碳应用还融入到了公共服务与生产场景中。目前群围村屋顶光伏覆盖率达40%，低碳发展水平位居浙江省前列。光伏项目发出的绿电还能并网销售，仅去年一年，村集体的收益就达到了480万元。 第一时间的微博视频,1770377401,2026-02-06 11:30:01+08:00,1,1,0,1770833650441,https://m.weibo.cn/detail/5263285870137537,,1730243272,第一时间,m,https://m.weibo.cn/u/1730243272?luicode=20000061&lfid=5263285870137537&launchid=10000360-page_H5,"https://tva1.sinaimg.cn/crop.0.0.800.800.180/67216ac8jw8ev77oa56xcj20m80m8aca.jpg?KID=imgbed,tva&Expires=1770844434&ssig=oO0a3FwnJJ",碳积分
5263283629855702,#环境聚焦# 【“十五五”如何进一步推动生态产品价值实现？】党的二十届四中全会审议通过的《中共中央关于制定国民经济和社会发展第十五个五年规划的建议》指出，要加快经济社会发展全面绿色转型，建设美丽中国，并明确要“完善多元化生态补偿机制，因地制宜拓展生态产品价值实现渠道”。面向“十五五”，要不断完善生态产品价值实现机制，因地制宜拓展生态产品价值实现渠道，统筹生态环境高水平保护与经济社会高质量发展。我国生态产品价值实现工作稳步推进生态产品价值实现机制日趋完善。2021年，中共中央办公厅、国务院办公厅印发《关于建立健全生态产品价值实现机制的意见》，将生态产品价值实现机制进行了系统化、制度化阐述，我国建立健全生态产品价值实现机制工作进入全面推进阶段。党的二十大提出“建立生态产品价值实现机制”，党的二十届三中全会提出“健全生态产品价值实现机制”，2024年7月《中共中央国务院关于加快经济社会发展全面绿色转型的意见》提出“完善生态产品价值实现机制”，党的二十届四中全会进一步提出“因地制宜拓展生态产品价值实现渠道”。从首次搭建制度框架到建立、健全、完善生态产品价值实现机制，再到因地制宜拓展生态产品价值实现渠道，国家政策层层递进。同时，国家发改委会同生态环境部、财政部等部门印发《关于加快建立生态产品价值实现机制的实施方案》，明确相关重点任务落实举措及分工等。多部委陆续出台配套政策，为各地因地制宜推进生态产品价值实现提供了制度保障和政策支撑。生态产品价值实现路径不断丰富。各部委围绕生态产品价值实现开展了多项改革试点和制度探索。国家发改委印发两轮国家生态产品价值实现机制试点名单，探索政府主导、企业和社会各界参与、市场化运作、可持续的生态产品价值实现路径。生态环境部以国家生态文明建设示范区和“绿水青山就是金山银山”实践创新基地为载体，推进重点生态功能区、生态保护红线、自然保护地等生态功能重要区域生态保护补偿，探索生态产品价值转化通道。启动全国温室气体自愿减排交易市场，支持造林碳汇、红树林营造等碳汇类项目通过市场机制获取核证自愿减排量收益，成为生态产品价值实现机制的重要渠道。实施生态环境导向的开发（EOD）模式试点项目，带动相关企业、金融机构等多元主体参与生态产品经营。同时，自然资源部开展了自然资源领域生态产品价值实现机制试点。因地制宜的实践探索成效初显。各地积极探索符合当地实际的生态产品价值实现路径，涌现出一批可复制、可推广的典型案例，把生态优势不断转化为发展优势。例如，浙江省丽水市打造“丽水山耕”“丽水山居”“丽水山景”“丽水山路”“丽水山泉”等“山”字系的区域公用品牌，在一定程度上实现生态产品增值溢价。北京市延庆区探索完善生态系统调节服务价值与GDP交换补偿制度，建立区、街道、乡镇等行政区域全覆盖的生态权益分配、共享机制。湖南省湘西土家族苗族自治州的十八洞村，主动挖掘生态环境潜力，因地制宜发展生态农业、生态旅游等特色产业，实现了从“精准扶贫”到“生态富民”的蝶变，各地生态产品价值转化典型模式不断涌现。此外，国家层面还推动建设生态产品交易平台，支持地方探索“生态银行”“两山基金”“绿色金融”等多元化实现路径。因地制宜拓展生态产品价值实现渠道面临的挑战转化路径同质，区域特色难以发挥。生态产品价值实现路径与区域类型、资源禀赋、产业基础等脱节是因地制宜推动生态产品价值实现面临的严峻挑战。一方面，存在生态产品价值实现路径同质化倾向，未能充分体现各地生态资源禀赋、文化特征与产业发展基础的多样性，导致“千地一面、一品多仿”现象突出。例如对森林、河流等纯公共性生态产品采用统一的生态补偿模式；生态产品交易平台的建设主要集中于碳排放权、排污权等准公共性产品交易，导致经营性生态产品（如生态农产品、旅游服务）的创新不足。另一方面，有些地区简单模仿成熟案例而非探索本土化路径，缺乏针对本地资源禀赋、生态功能和发展阶段的差异化设计，导致资源配置效率低下、区域特色难以发挥，消费者审美疲劳，溢价空间被同质化竞争消耗，容易导致资源浪费，制约生态优势向经济优势高效转化。能力建设不均衡，生态产品价值转化效果不佳。生态产品价值实现需要较强的技术、资金、人才和制度支撑，而我国生态资源富集地区多为中西部、山区、林区、湖区等地区，地方财政能力弱、基础设施差、市场发育不足，难以支撑生态产品价值实现的全过程。一方面，基层缺乏生态资源调查、价值评估、项目设计、市场运营等专业技术能力，导致“有资源、难开发”“有项目、难落地”。另一方面，生态产品多处于价值链低端，以初级产品、原材料输出为主，缺乏深加工、品牌打造和市场营销能力，附加值低、竞争力弱。虽然部分地区探索建立了“生态银行”“两山公司”等平台，但缺乏专业运营团队和可持续商业模式，面临“空转”风险。依赖“货币化”路径，阻滞生态红利持续释放。推动生态产品价值实现的初衷是处理好生态环境保护和经济社会发展的关系，同时引导社会各界主动参与生态环境保护，并不必然以货币形态呈现，若给涵养水源、净化空气、调节气候等调节服务贴上货币标签，极易因缺乏公允市场参照而陷入“估值虚高无人埋单、估值过低贱卖生态”的困境，甚至诱发政策空转。反观国际经验，美国湿地缓解银行把湿地功能折算为“湿地信用”，德国生态账户用“生态积分”记录生态增益，澳大利亚生物多样性信用按面积与个体数生成可交易单位，均采用“积分量化+市场议价”模式，既保留生态价值的可衡量性，又为市场留下弹性空间。相比之下，我国目前通常是把生态产品价值“货币化”，一些地区难免陷入“算不出价就实现不了”的误区，不少地方仍将生态产品价值简单换算成货币，把交易环节异化为“财政埋单”，金融资本和社会力量难以真正进入生态环境保护领域。因地制宜拓宽生态产品价值实现渠道的建议摸清生态产品价值底数，为因地制宜拓宽实现渠道提供保障。一是厘清各地生态产品有哪些。系统厘清生态资源、生态资产和生态产品等相关概念的内在逻辑与边界，优化调整生态产品概念体系，研究制定生态产品概念界定与分类指南，把清新的空气、清洁的水体、洁净的土壤、良好的生态系统等公共产品，与有机米、生态鱼、碳汇林等商品分类列清单。二是探索研究生态产品准入正负面清单。产地水环境质量、环境空气质量、土壤环境质量、生态质量等核心指标达不到当地要求的，不得定义为生态产品，确保进入市场的生态产品真正源于优质生态环境。三是掌握各地生态产品底数。探索灵活多样的生态产品价值核算方式，优化生态产品价值核算技术规范，给出菜单式指标体系，分别配套“面积+功能”“面积+结构”“个体+生境”等多维指标，各地因地制宜选择指标组合，建立动态化、智能化的生态产品价值评估监测机制，实现对生态产品实时监测和精准评估，确保生态产品与转化路径相匹配、可持续。分区分类转化，保障生态产品价值实现路径与资源环境承载力相适应。在生态优势区，强化优质生态产品供给，推动碳汇、道地药材、高山茶叶等生态产品规模化、标准化、品牌化发展，扩大生态产品产业规模，打造集“保育—加工—交易—文旅”于一体的生态经济综合体，使生态产业成为生态优势地区的战略性新兴产业。在农业主导区，拓展农业多种功能，制定区域公用品牌标准，重点推广生态种植、农光互补、休闲采摘、研学康养等融合业态，推动优质、绿色、特色农产品渠道可追溯，实现“产地生态化、产品品牌化、渠道数字化”，让生态溢价稳定转化为农民增收。在城镇地区，要把提升生态环境质量作为普惠性民生工程和营商环境名片，系统推进城市绿道、口袋公园建设及河湖湿地修复，提供更多优质生态产品，依托良好生态环境嵌入健身、文化、科普等复合功能，让人民群众在家门口享受清新空气、洁净水体与优质休闲空间，切实增强获得感、幸福感。科学可持续转化，保障生态产品价值实现路径与经济社会发展阶段相匹配。一是坚持梯度推进。要差异施策，不得脱离地方财力、市场深度和人才储备实际，防范“高大上”工具无法落地。要立足县域发展阶段和生态资源禀赋，优先采用易操作、可复制的路径，避免盲目建设交易平台、数据中心等“盆景式”工程。二是实行“一县一策”。构建差异化转化通道，因地制宜选择与资源禀赋、环境容量相匹配的多元转化路径，真正把生态优势转化为经济优势。例如，县域经济体量显著低于全国平均水平的地区，先行推广财政补偿、政府购买等“输血式”渠道；县域经济体量显著高于全国平均水平的地区，要探索创新绿色金融模式、培育交易市场等。三是加强能力建设，优化职责定位。政府逐步从单一的自然生态监管机构，转变为市场化生态产品价值实现体系的监督机构，交易环节由供需双方自主议定，既跳出“货币化”死结，又放大资源配置效率。（来源：中国环境报，审核：姜博，发布：方宇飞）,1770376867,2026-02-06 11:21:07+08:00,0,0,0,1770833650445,https://m.weibo.cn/detail/5263283629855702,,3514775860,生态徐州,m,https://m.weibo.cn/u/3514775860?luicode=20000061&lfid=5263283629855702&launchid=10000360-page_H5,"https://tvax1.sinaimg.cn/crop.0.55.83.83.180/d17f3934ly8h934nwlsjvj2046046t8l.jpg?KID=imgbed,tva&Expires=1770844437&ssig=8NpTjWwwh5",碳积分
5263260660274148,2026年（2.2 - 2.8）星座职场运势与破局指南新的一周职场征程即将开启，不同星座的职场人会面临怎样的机遇与挑战？又该如何借助自身特质和环境趋势实现职业跃迁？一起来看看本周的职场周运吧~火象星座（白羊座、狮子座、射手座）白羊座运势概览：本周白羊座的职场关键词是“冲劲与调整”。你在工作中会充满开拓新项目、挑战高难度任务的热情，就像一团熊熊燃烧的火焰，渴望在竞争中崭露头角。不过，过于急切的行动可能会让你在细节把控上出现疏漏，容易因小失大。破局指南：可以运用“72小时落地法则”，在有了新想法或接到新任务时，先快速行动起来，但记得保留24小时的冷静期，在这期间复盘前期工作，检查是否有考虑不周的地方。比如你打算推进一个新的客户拓展计划，先制定大致方案并执行初步的客户联系工作，24小时后再审视方案的可行性和细节完善度。狮子座运势概览：本周狮子座在职场中会比较在意自身的权威和地位，有较强的表现欲，希望能在团队中主导重要项目或决策。但要注意，这种强烈的掌控欲可能会引发团队内部的权力斗争，同事可能会觉得你过于强势而产生抵触情绪。破局指南：培养团队协作意识，平衡自信与谦逊。在推进工作时，多倾听团队成员的意见，让他们感受到自己的想法被重视。例如在项目会议上，先阐述自己的思路，然后邀请大家提出补充建议，共同完善方案，这样既能发挥你的领导才能，又能凝聚团队力量。射手座运势概览：本周射手座的职场氛围会比较轻松，你会带着乐观的心态去探索新的工作领域或合作机会，对跨界项目充满兴趣。不过，这种广泛的探索可能会让你在一些工作上的投入不够深入，导致部分任务的完成质量不够高。破局指南：将冒险精神转化为跨文化优势，在接触新领域或新合作方时，利用自己善于学习、适应力强的特点，快速了解对方的文化背景和工作模式。比如你参与了一个和国外团队合作的项目，主动去了解对方国家的职场文化和沟通习惯，这样才能更好地推进合作，同时也能提升自己的国际视野和跨文化工作能力。土象星座（金牛座、处女座、摩羯座）金牛座运势概览：本周金牛座在职场中会比较稳重，倾向于深耕自己的专业领域，按部就班地推进工作。你对工作质量的要求较高，会仔细打磨每一个细节，但过于缓慢的节奏可能会让你在团队协作中拖慢整体进度，也容易错过一些新的发展机遇。破局指南：采用“量子效率理论”，将手头的工作拆分为一个个小目标，然后逐步推进。比如你负责一个复杂的数据分析项目，就把数据收集、数据清洗、数据分析、报告撰写等环节分别设定为小目标，按计划完成每个小目标，这样既能保证工作质量，又能提高整体效率。处女座运势概览：本周处女座在职场中会更加注重细节和工作的规范性，你会像一个严谨的质检员，对自己和团队成员的工作都严格要求。不过，过度关注细节可能会让你陷入完美主义的内耗中，也容易给同事带来较大的压力，影响团队氛围。破局指南：把“挑剔”翻译成“追求卓越”，但要学会把握优先级。在工作中，先明确哪些任务或环节是对整体成果影响最大的，将主要精力放在这些关键部分，对于次要细节可以适当放宽要求。例如在审核一份项目报告时，先重点检查核心数据和结论的准确性，对于格式上的小瑕疵，如果不影响阅读和理解，就可以先搁置，待有时间再统一调整。摩羯座运势概览：本周摩羯座在职场中会比较务实，专注于实现自己的职业目标，你会像一座沉稳的山峰，一步一个脚印地朝着目标前进。不过，过于专注于眼前的目标可能会让你忽视周围的变化和机会，也容易让自己一直处于紧绷的状态，身心疲惫。破局指南：可以尝试跨界合作，将自己在本领域积累的经验和技能与其他领域的知识相结合，开拓新的职业可能性。比如你是一名资深的工程师，本周可以主动参与公司的跨部门创新项目，和市场、设计等部门的同事合作，从不同角度为项目出谋划策，既能缓解工作的单调感，又能提升自己的综合能力。风象星座（双子座、天秤座、水瓶座）双子座运势概览：本周双子座的职场关键词是“灵活与专注”。你的思维会非常活跃，在处理多线程工作、跨部门协作时会展现出独特的优势，能够快速切换不同的工作状态和沟通语境。但这种思维的跳跃性也可能会让你在专注度上有所欠缺，容易出现工作任务完成到一半就被新的想法或任务吸引而转移注意力的情况。破局指南：运用“时间分块法”，将工作时间划分为25分钟的专注工作时间和5分钟的休息时间，在专注工作的时间段内，关闭所有可能干扰你的信息提示，全身心投入到当前的工作任务中，这样既能发挥你思维灵活的优势，又能保证工作的专注度和效率。天秤座运势概览：本周天秤座在职场中会比较注重平衡各方关系，你会努力在团队成员、上下级之间营造和谐的工作氛围，就像一个精准的天平，试图让一切都达到平衡。不过，这种对平衡的过度追求可能会让你在做决策时过于犹豫，错失一些发展机会。破局指南：练习快速决策，增强职场魄力。可以在日常工作中设置一些小的决策场景来锻炼自己，比如每天早上到公司后，在10分钟内决定当天的工作优先级排序。当面临重要决策时，先明确自己的核心目标和底线，然后根据这些来权衡利弊，快速做出选择。水瓶座运势概览：本周水瓶座在职场中会有很多创新的想法，你会试图用新的技术、新的方法来解决工作中的问题，推动工作的创新发展。但你的一些想法可能会比较超前，与当前的工作环境和团队认知不太契合，导致推行起来遇到阻力。破局指南：保持技术敏感度的同时，学会平衡理想与现实。在提出新想法、新方案时，先充分调研团队和公司的实际情况，看看哪些部分是可以立即实施的，哪些部分需要逐步推进。比如你想在公司推行一个新的AI办公系统，先了解公司的技术基础和员工的接受程度，然后先在小范围内进行试点，根据反馈逐步优化和推广。水象星座（巨蟹座、天蝎座、双鱼座）巨蟹座- 运势概览：本周巨蟹座在职场中会更加关注团队成员的情绪和需求，你会像一个温暖的港湾，给同事们提供情感上的支持。但过度的共情可能会让你过度消耗自己的精力，也容易因为过于在意他人的感受而在工作决策上变得犹豫不决。- 破局指南：建立情感边界，避免过度消耗。在工作中，既要关心同事，也要明确自己的工作职责和精力范围。比如当同事向你倾诉工作烦恼时，你可以给予适当的安慰和建议，但不要让自己陷入到对方的负面情绪中无法自拔，影响自己的工作状态。天蝎座运势概览：本周天蝎座在职场中会展现出敏锐的洞察力，你会像一个精明的侦探，快速发现工作中的问题和潜在风险。不过，你的多疑可能会让你在团队合作中过于谨慎，甚至会怀疑同事的工作动机，影响团队的协作氛围。破局指南：把“多疑”翻译成“风险预警能力”，用“量化模型”证明价值。当你发现工作中可能存在风险时，不要只是单纯地表达自己的怀疑，而是通过收集数据、分析案例等方式，建立一个风险评估模型，用具体的数字和事实来证明你的判断，这样既能让同事和领导重视你的意见，又能提升你的专业形象。双鱼座运势概览：本周双鱼座在职场中会更具想象力和创造力，你会试图用自己独特的视角和方式来完成工作，尤其是在一些需要创意和情感表达的工作中会表现得很出色。但你的想法可能会比较虚幻，缺乏实际的落地计划，导致工作成果无法达到预期。破局指南：建立现实锚点，将灵感转化为作品。当你有了新的创意和想法时，先思考这个想法的核心价值是什么，然后制定详细的实施计划，将大目标拆分为一个个小的可执行的任务。比如你是一名设计师，有了一个新的设计灵感，就先画出草图，然后确定色彩搭配、材质选择等细节，最后制作出完整的设计方案。行业适配与星象赋能行业适配公式火象星座：选择“可见度放大器”型岗位，如新能源赛道推广、元宇宙活动策划，你的热情和表现力能在这些领域得到充分发挥，让自己的职业成果被更多人看到。土象星座：深耕“时间杠杆”型领域，如碳积分交易、养老社区规划，你的稳重和耐心能让你在这些需要长期积累和规划的领域中稳步发展，收获时间带来的红利。风象星座：切入“思维蹦床”式场景，如AI训练师、多语种短视频创作，你的灵活思维和信息处理能力能让你在这些充满变化和创新的领域中如鱼得水，不断激发新的创意和想法。水象星座：聚焦“情绪价值转化器”赛道，如宠物临终关怀、虚拟恋人培训，你的共情力和创造力能让你在这些关注情感和心理需求的领域中发光发热，为他人带来温暖和治愈。新的一周，希望每个星座的职场人都能把握自身运势，借助破局指南，在职业道路上稳步前行，收获成长与成就~如果你还想了解某个星座更详细的职场发展建议，或者有其他职场相关的问题，都可以在评论区留言哦~#十二星座##职场##破局##创意#,1770371391,2026-02-06 09:49:51+08:00,0,0,0,1770833650448,https://m.weibo.cn/detail/5263260660274148,陕西,5526173665,占星师翩翩862,f,https://m.weibo.cn/u/5526173665?luicode=20000061&lfid=5263260660274148&launchid=10000360-page_H5,"https://tvax1.sinaimg.cn/crop.0.0.996.996.180/0061Zgdjly8g13w0v6ty6j30ro0rogo8.jpg?KID=imgbed,tva&Expires=1770844439&ssig=2mCCpB4Bs%2B",碳积分
5262970418365328,从月销3千多辆，跌到月销45辆，小米SU7 Ultra输在哪？谁也没想到，曾经凭一己之力搅热50万级高性能纯电市场、一车难求的小米SU7 Ultra，如今会沦落到无人问津的境地。作为小米汽车冲高端的旗舰牌，这款自带纽北光环的性能猛兽，从巅峰时的月销三千+，跌落到月销个位数，只用了短短9个月。月销45辆，凉得猝不及防懂车帝等平台数据，2025年12月小米SU7 Ultra终端销量仅为45辆，在国内中大型纯电轿跑市场排名垫底，甚至不及部分小众进口车型的零头。反观2025年3月，这款车刚上市时，单月交付量高达3101辆，创下国产50万+纯电性能车的销量纪录；哪怕是2025年8月，销量仍能稳住2300+的水平，谁能想到，短短4个月后，销量直接暴跌98%，从“爆款”沦为“冷门款”。某权威媒体报道，小米SU7 Ultra 2025年全年销量约为1.3万辆，刚好踩线完成雷军当初设定的1万辆全年目标，但销量分布极度不均衡——前8个月贡献了近1.2万辆，后4个月仅卖出1000余辆，呈现前热后凉的状态。更尴尬的是，有头部二手车市场显示，车龄不到一年的准新SU7 Ultra，二手车挂牌价已跌至34万左右，比新车指导价52.99万元便宜近20万，出现保值率翻车，进一步反噬新车销量。踩中风口，吃尽流量红利上市之初SU7 Ultra的火爆，本质上是“时势造英雄”，而非“英雄造时势”。一方面，彼时小米汽车刚入局，SU7系列已经积累了足够的品牌热度，雷军亲自站台，反复强调“地表最快四门量产车”，再加上纽北赛道圈速的权威背书，精准踩中了“国产高端性能车”的市场空白——在此之前，国产车企很少涉足50万+性能车市场，消费者要么花大价钱买进口超跑，要么退而求其次买家用车，SU7 Ultra的出现，刚好填补了这一空白。另一方面，价格反差带来的猎奇感，是它火爆的关键推手。52.99万元的定价，能买到1548匹马力、1.98秒零百加速的性能，比特斯拉、保时捷便宜一半以上，对于科技爱好者和猎奇型消费者来说，吸引力十足——很多人买它，不是因为刚需，而是因为“性价比高、有话题性”，甚至有人买它只是为了“打卡晒圈”，这种“猎奇型消费”，也让它在短期内积累了大量订单，但这种热度，本身就不具备持续性。除此之外，小米的渠道优势和生态联动，也为它添了一把火——小米手机用户可以实现“车机互联、智能家居联动”，记忆泊车等功能也贴合国内用户需求，再加上小米组建的专属“Ultra Master”销售团队（从法拉利、保时捷挖来资深销售），营造了“高端专属”的仪式感，进一步放大了火爆态势。从信任崩塌到被市场抛弃如果说火爆是偶然，那么陨落也不让人意外。事后复盘，小编认为最核心的原因是信任危机爆发。2025年5月，SU7 Ultra接连爆发两大争议，直接击碎了用户的信任——一是4.2万元选装的碳纤维双风道前舱盖，车主实测后发现，仅减重1.3公斤，所谓的“气流导向、辅助散热”功能形同虚设，和宣传不符，被网友调侃为“风味机盖”；二是OTA锁电事件，小米通过远程升级，将1548匹马力限制至900匹，要求车主完成指定赛道圈速考核才能解锁，被用户吐槽。面对车主维权，小米没有坦诚认错，反而以“信息表达不够清晰”为由，只给出2万积分的补偿，彻底激怒了高端用户——要知道，50万级的消费者，买的不仅是性能，更是品牌的坦诚和担当，负面舆情持续发酵，对这款车的口碑影响很大。第二个原因是定位错位，小众市场撑不起高端野心。小米高估了50万级高性能车市场的容量，也错判了高端用户的需求。高性能轿跑本身就是小众赛道，哪怕是宝马M3、保时捷718这类经典车型，国内月销量也仅为几十、几百辆，根本撑不起大规模热销。SU7 Ultra初期能卖到月销3000辆，已经是流量红利的极限，一旦热度退去，小众市场的天花板就会彻底显现。而SU7 Ultra销量的下滑，也恰逢高端性能车市场的竞争加剧期。外部来看，特斯拉Model S Plaid降价促销，比亚迪仰望U7、蔚来ET9陆续上市，这些车型要么品牌溢价更高，要么兼顾性能与实用性，直接挤压了SU7 Ultra的市场空间；内部来看，小米SU7 Max（35-45万元）与SU7 Ultra形成价格重叠，分流了大量潜在客户，而小米后期将资源向走量的YU7（20万级）倾斜，SU7 Ultra几乎处于停滞更新状态，没有任何改款和优化，也难怪市场遇冷。结语小米SU7 Ultra用短短9个月的时间，完成了从“爆款”到“冷门”的转变，既证明了国产品牌有能力做出比肩海外豪华品牌的高性能产品，也暴露了国产车企在高端市场运营、用户需求洞察、危机处理上的诸多短板。最后想问一句：如果你有50万预算，你会选择小米SU7 Ultra，还是特斯拉Model S Plaid、比亚迪仰望U7？欢迎在评论区留言讨论。,1770302192,2026-02-05 14:36:32+08:00,1,0,0,1770833650452,https://m.weibo.cn/detail/5262970418365328,广东,6684476902,火星说车V,m,https://m.weibo.cn/u/6684476902?luicode=20000061&lfid=5262970418365328&launchid=10000360-page_H5,"https://tvax4.sinaimg.cn/crop.0.0.157.157.180/007innNAly8gfxh4q5p0rj304d04d3zi.jpg?KID=imgbed,tva&Expires=1770844441&ssig=0Xcsl4%2BrTN",碳积分
5262960412067776,碳排放积分不再吃香？特斯拉、沃尔沃少赚几个亿去年此时，车企们还在排队和特斯拉这样的车企签订协议，购买碳排放积分，避免交欧盟的罚款。但是今年，由于欧盟放宽了碳排放目标，车企们也不再急着采购积分。去年前三季度，沃尔沃汽车靠卖积分赚得了24.4亿瑞典克朗，特斯拉更是积分大户，去年靠积分收入19.9亿美元。但是今年年初，车企们普遍采取观望态度，没有去年那样风风火火组建排放池的动作。特斯拉和沃尔沃的积分收入也要跟着大打折扣了。,1770299806,2026-02-05 13:56:46+08:00,1,0,0,1770833650455,https://m.weibo.cn/detail/5262960412067776,北京,5508496847,车扯,m,https://m.weibo.cn/u/5508496847?luicode=20000061&lfid=5262960412067776&launchid=10000360-page_H5,"https://tva3.sinaimg.cn/crop.0.0.1000.1000.180/0060N5Fljw8eowhdg5txij30rs0rs3zk.jpg?KID=imgbed,tva&Expires=1770844443&ssig=0xpy%2FPXEWY",碳积分
5262675749899481,#碳排放# 据外媒报道，受监管政策调整与市场不确定性影响，欧洲车企正推迟达成2026年碳排放池协议。受此影响，沃尔沃汽车与特斯拉面临的碳排放积分额度需求大幅下降，预计两家企业出售碳排放积分的相关收入也将出现缩水。 ,1770231937,2026-02-04 19:05:37+08:00,0,0,0,1770833650458,https://m.weibo.cn/detail/5262675749899481,北京,2202568683,汽车人杂志,m,https://m.weibo.cn/u/2202568683?launchid=10000360-page_H5,"https://tvax3.sinaimg.cn/crop.0.0.1996.1996.180/834887ebly1fr2vcojf32j21jk1jk10i.jpg?KID=imgbed,tva&Expires=1770844430&ssig=oJETtMK4%2FR",碳积分
5262651522810581,2025年大学生创业案例。🤖 1. AI Agent应用开发：从“做题家”到“智能军师”典型做法：开发面向考研、编程等垂直领域的“AI导师”，或为中小企业定制生产调度系统。成功案例：有团队利用开源框架，开发学科专用AI导师，学科复购率可达60%，初期投入控制在5万元以内。技术门槛可控：依托开源模型，聚焦细分场景轻资产启动：以软件服务为主，现金流快，适合技术背景团队。🍪 2. 校园新零售3.0：宿舍里的“千亿便利店”典型做法：通过“无人零食盒子+楼长配送”模式，在宿舍楼内布局智能货柜，扫码自取，楼长负责补货和配送。成功案例：四川某职院团队运营248个零食盒子，年营收达172万元，单个盒子月利润约800元，楼长月佣金可达3000元以上。🌍 3. 跨境电商独立站：国货出海的“快车道”典型做法：借助TikTok Shop等平台，聚焦环保家居、汉服配饰等小众品类，通过短视频和直播引流至独立站成交。市场优势：全球跨境电商保持两位数增长，TikTok等平台降低了出海门槛，部分品类毛利率可达40%–60%。📈 4. 本地生活数字化服务：做实体店的“运营合伙人”典型做法：为线下商家提供“支付+锁客”的数字化营销工具，如消费送积分、电子券二次消费等，帮助商家引流和复购。成功案例：有服务商通过组织商户联盟、统一发券，帮助商家将引流成本降低约60%，自身月服务费收入可达6万元以上。👵 5. 银发经济2.0：适老化创新典型做法：开发智能穿戴设备（如跌倒报警手环）或运营线上老年兴趣社群（如书画、声乐课程）。市场潜力：中国55岁以上人口超3.5亿，健康、陪伴、学习等需求巨大，但优质供给稀缺。🐾 6. 宠物情感经济：“它经济”的高溢价赛道典型做法：提供宠物殡葬、上门喂养、宠物摄影、情感陪伴等高附加值服务，或销售智能宠物用品。市场潜力：2025年中国宠物市场规模有望突破8000亿元，年增速约20%，其中情感消费占比提升。成功关键：情感定价：服务中注入温度与仪式感，支撑高客单价。专业可靠：在医疗、殡葬等领域需建立专业形象与合规意识。线上线下结合：通过社交媒体展示案例，引流至线下服务。♻️ 7. 绿色消费服务：低碳刚需典型做法：开展二手电子产品回收翻新、旧衣改造，或搭建个人碳积分平台，将用户的低碳行为转化为可兑换的权益。政策驱动：“无废城市”建设等环保政策推动产业规模扩大，为大学生提供创业机会。成功关键：建立标准：在回收、检测、定价等环节做到流程化、透明化。数据可视化：让用户直观看到自己的环保贡献，增强参与感。多方联动：与学校、政府、品牌方合作，获取稳定的货源与渠道。🎓 8. 知识付费IP：从“会做题”到“会教人”典型做法：围绕AI绘图、留学文书、考研规划等细分领域，打造个人IP，通过低价引流课、高价系统课、年度社群等方式变现。市场基础：职场技能类课程付费意愿强，B站等平台已涌现大量年入百万的知识博主。🥗 9. 功能型健康食品：Z世代的“养生焦虑”典型做法：开发助眠软糖、护肝代餐奶昔等场景化健康食品，并通过小红书、抖音等内容平台进行“成分党”式营销。用户洞察：Z世代是健康消费主力，愿意为“科学背书+情绪价值”支付溢价。成功关键：安全第一：严格遵守食品安全法规，不夸大宣传。场景化设计：将产品与“熬夜党”、“备考族”等具体场景绑定。内容驱动：用数据和故事讲清产品价值，驱动用户决策。🕶️ 10. 元宇宙应用开发：虚实融合的场景革命典型做法：为企业定制虚拟IP、虚拟展厅，或开发AR试穿、虚拟试妆等工具，降低电商退货率，提升用户体验。市场机会：品牌对虚拟人和虚拟空间的需求增加，AR/VR技术在零售、文旅等场景加速落地。,1770226161,2026-02-04 17:29:21+08:00,1,0,0,1770833650461,https://m.weibo.cn/detail/5262651522810581,湖北,1700709963,叶青,m,https://m.weibo.cn/u/1700709963?luicode=20000061&lfid=5262651522810581&launchid=10000360-page_H5,"https://tva3.sinaimg.cn/crop.0.0.180.180.180/655ec64bjw1e8qgp5bmzyj2050050aa8.jpg?KID=imgbed,tva&Expires=1770844445&ssig=oqU45IXW%2BE",碳积分
5262608529887302,#小米不再单独设立SU7Ultra专属销售#小米撤销SU7 Ultra专属销售：不是高端梦碎，是车企从“造势”到“造市”的清醒转身2026年1月底，小米汽车宣布解散专为SU7 Ultra组建的「Ultra Master」专属销售团队，全面开放该车型销售权限，这一调整被不少声音解读为“高端化遇挫”。但拨开舆论迷雾可见，这并非小米放弃高性能旗舰的信号，而是其在产品矩阵成型后，对销售资源的一次理性重构，更是新势力车企从“单品造势”向“体系化造市”过渡的必然选择。时间拉回2025年2月，SU7 Ultra以52.99万元起售价正式上市，作为小米冲击高端性能市场的标杆，其上市两小时大定便突破一万辆，3月单月销量更是达到3101辆的峰值。为匹配这款“地表最速四门量产车”的定位，小米不惜重金打造「Ultra Master」团队，以月薪最高3万元的待遇，招募具备豪华品牌、高性能车型销售经验的人才，甚至要求成员接受赛道驾驶培训，采用“一车一团队”的超豪华品牌服务模式。彼时，这套专属体系的核心价值，不仅是销售车辆，更是为小米高端化标签“镀金”——通过极致的专属服务，打破外界对小米“性价比”的固有认知，树立品牌高端形象。但高光过后，市场回归理性。2025年下半年，SU7 Ultra销量持续走低，12月仅售出45辆，曾经的“爆款”逐渐回归高性能小众车型的本质。与此同时，小米汽车2026年进入产品密集投放期，新款SU7、SU7 L、YU7 GT及“昆仑”SUV系列等多款车型即将面市，产品线的丰富性对销售资源的统筹效率提出了更高要求。此时，维持一支高成本的专属销售团队，已然不符合商业逻辑：一方面，小众车型的长尾需求，难以支撑专属团队的运营成本；另一方面，独立团队的存在，容易造成销售资源的割裂，不利于门店应对不同车型的客户咨询。此次调整的核心，是“权限下放”而非“车型停产”。SU7 Ultra仍正常销售，只是从“专人专售”变为全员可售，部分原「Ultra Master」成员转岗支援主流车型销售，其积累的高端服务经验，反而能赋能小米全系产品的销售服务。这种调整，实则是小米对高端车型销售模式的一次优化：在车型上市初期，以专属团队完成品牌造势和核心用户积累；当市场进入稳定期，通过开放权限降低运营成本，同时以老车主复购送5万积分、免费碳纤维套件、终身辅助驾驶使用权等权益，精准撬动存量市场。更值得注意的是，此次调整仅涉及销售端，SU7 Ultra的研发团队未受影响，这意味着小米仍在持续投入高性能车型的技术迭代。事实上，对于新势力车企而言，高端化的核心从来不是“专属销售”的形式，而是技术实力与产品力的支撑。小米撤销专属销售团队，恰恰说明其高端化战略已从“形式造势”进入“实质深耕”阶段——不再依赖外在的服务形式标榜高端，而是通过体系化的资源配置，让高端车型融入品牌整体布局，同时将更多精力投入到技术研发与产品矩阵完善上。从行业视角来看，小米的这一决策，也为新势力车企的高端化路径提供了重要借鉴。此前，不少新势力为冲击高端，纷纷效仿超豪华品牌的专属服务模式，但往往陷入“成本高、效率低”的困境。小米的转身证明，高端化并非必须照搬传统豪华品牌的模式，而是要根据市场需求和自身发展阶段，动态调整策略。对于高性能小众车型而言，平衡专属服务与销售效率，才是可持续的发展之道。总而言之，撤销SU7 Ultra专属销售团队，不是小米高端梦的破碎，而是其从“单品突破”到“体系制胜”的清醒选择。在产品矩阵日益丰富的今天，小米通过整合销售资源、优化服务模式，既能降低运营成本，又能让高端车型的服务触达更多潜在用户。而SU7 Ultra作为小米技术实力的载体，其存在的价值，早已超越了销量本身——它所积累的技术、品牌口碑，都将成为小米汽车长远发展的重要资产。这场销售策略的调整，看似是“减法”，实则是为品牌长远发展做的“加法”。 小米不再单独设立su7ultra专属销售,1770215911,2026-02-04 14:38:31+08:00,0,0,0,1770833650464,https://m.weibo.cn/detail/5262608529887302,湖南,2292230172,少吃一碗饭--,f,https://m.weibo.cn/u/2292230172?luicode=20000061&lfid=5262608529887302&launchid=10000360-page_H5,"https://tvax3.sinaimg.cn/crop.0.0.690.690.180/88a0a81cly8i76v839dptj20j60j63zj.jpg?KID=imgbed,tva&Expires=1770844448&ssig=muaTl5%2B9sn",碳积分
5265235835360112,绿色出行理念借助足球传向世界,1770842309,2026-02-11 20:38:29+08:00,0,0,0,1770833810831,https://m.weibo.cn/detail/5265235835360112,重庆,7952615800,耳机里听达尔文,f,https://m.weibo.cn/u/7952615800?launchid=10000360-page_H5,"https://tvax2.sinaimg.cn/crop.0.0.1080.1080.180/008GcmEMly8ia5rae9gpqj30u00u0gpy.jpg?KID=imgbed,tva&Expires=1770844602&ssig=8rvN35gaKq",绿色出行
5265233824451044,博鳌之选！腾势D9作为博鳌亚洲论坛官方指定用车，礼遇全球嘉宾2026年2月9日，腾势汽车与博鳌亚洲论坛于深圳达成战略合作并举行车辆交付仪式。腾势D9作为论坛官方指定贵宾用车，将以高端豪华绿色出行服务，礼遇全球参会嘉宾。比亚迪集团品牌及公关处总经理李云飞、腾势汽车总经理李慧、博鳌亚洲论坛执行主任程霁共同出席见证。此次合作是可持续发展共识落地高端出行场景的重要实践，为深化国际交流、推动新能源产业全球化发展注入腾势而上的最强动能。 腾势汽车总经理李慧向博鳌亚洲论坛交付腾势D9 出席领导及嘉宾合影 博鳌亚洲论坛作为连接中国和世界的重要桥梁，兼具亚洲特色和全球影响的国际交流平台，选择腾势既源于双方对绿色、可持续发展理念的共同追求，更是对腾势在新能源领域技术积淀与品牌价值的高度认可。腾势D9已连续三年问鼎中国MPV市场销量冠军，是全球首个达成30万销量的新能源MPV，并已在中国香港、中国澳门、新加坡、马来西亚、印度尼西亚等多个国家和地区上市。自上市以来，其卓越的臻享豪华体验赢得高端商务人士与家庭用户的广泛信赖。通过此次战略合作，向世界直观地展示中国新能源汽车的先进成果。论坛官方指定贵宾用车腾势D9腾势作为比亚迪进击高端豪华市场的关键布局，将以博鳌亚洲论坛为窗口，传递中国新能源的技术实力与豪华理念，引领中国智造走向世界舞台中央，同时以绿色出行解决方案赋能论坛“零碳办会”理念，助力全球可持续发展，彰显中国汽车品牌在全球豪华新能源汽车领域的引领与担当。,1770841830,2026-02-11 20:30:30+08:00,0,0,0,1770833810833,https://m.weibo.cn/detail/5265233824451044,广东,2951866142,碳水爱好者_ya,f,https://m.weibo.cn/u/2951866142?luicode=20000061&lfid=5265233824451044&launchid=10000360-page_H5,"https://tvax3.sinaimg.cn/crop.0.0.1080.1080.180/aff1e71ely8h8v7ctxhm6j20u00u076o.jpg?KID=imgbed,tva&Expires=1770844602&ssig=lIKo1Ni2d5",绿色出行
5265231156871568,比亚迪和曼城这波合作我是真觉得有意思：一边是顶级足球的热血，一边是新能源的硬核科技。把绿色出行、低碳理念带进球场和日常，让“热爱”更可持续。希望以后看到的不只是广告牌，而是更多实打实的绿色行动。,1770841193,2026-02-11 20:19:53+08:00,166,168,166,1770833810836,https://m.weibo.cn/detail/5265231156871568,广东,6157151766,车轩同学,m,https://m.weibo.cn/u/6157151766?launchid=10000360-page_H5,"https://tvax1.sinaimg.cn/crop.0.0.512.512.180/006IGMrsly8ht6aatkkokj30e80e8wf5.jpg?KID=imgbed,tva&Expires=1770844602&ssig=6lq9VOOMAz",绿色出行
5265229085935452,腾势汽车成为博鳌亚洲论坛官方贵宾用车#博鳌贵宾的绿色头等舱# 莎莎hms618的微博视频 ,1770840700,2026-02-11 20:11:40+08:00,0,0,0,1770833810838,https://m.weibo.cn/detail/5265229085935452,湖北,1454120011,莎莎hms618,f,https://m.weibo.cn/u/1454120011?launchid=10000360-page_H5,"https://tvax3.sinaimg.cn/crop.0.0.500.500.180/56ac1c4bly8i5b4blxgaqj20dw0dwmy5.jpg?KID=imgbed,tva&Expires=1770844602&ssig=dSxqYo0p1v",绿色出行
5265226174040170,科技点亮绿茵，热血驱动未来。#比亚迪成为曼城足球俱乐部官方合作伙伴# 携手曼城足球，助力英超绿茵新征途。比亚迪以自己顶尖的技术创新所铸就卓越品质，始终以可坚持发展为初心，与曼城始终坚持的打造环保可持续的俱乐部运营体系不谋而合。这一次与曼城足球俱乐部所的强强联合，是科技和体育竞技的双重碰撞，共同探索绿色体育的更多可能，共赴全球绿色出行新征程！#当新能源冠军遇上英超冠军#,1770840006,2026-02-11 20:00:06+08:00,2511,221,406,1770833810841,https://m.weibo.cn/detail/5265226174040170,北京,2089724441,毒舌体育,f,https://m.weibo.cn/u/2089724441?luicode=20000061&lfid=5265226174040170&launchid=10000360-page_H5,"https://tvax3.sinaimg.cn/crop.0.0.996.996.180/7c8eaa19ly8fme8b64m2oj20ro0roace.jpg?KID=imgbed,tva&Expires=1770844604&ssig=XnYpZ2WW1H",绿色出行
5265226162507177,比亚迪和曼城官宣合作这件事，真的让车迷和球迷都双厨狂喜了，比亚迪直接牵手英超豪门曼城，从车辆提供到充电储能系统全都包了，算是一次很全面的深度合作，以后看曼城比赛，不光能看到比亚迪的logo，还能看到咱们的车作为先导车带队进场，排面直接拉满。看到中国品牌能走进这么顶级的俱乐部，还能把绿色出行的理念带进去，真的觉得特别骄傲，不再是以前那种低端代工或者廉价印象，现在咱们靠技术和实力，站到了世界顶级舞台上。#当新能源冠军遇上英超冠军#足球是全世界通用的语言，比亚迪用这种方式把中国新能源带到全球球迷面前，格局和思路都很清晰，强强联手这效果没得说！相信以后会有更多中国品牌像这样走出去，让全世界都看到中国新能源的魅力#比亚迪成为曼城足球俱乐部官方合作伙伴#,1770840003,2026-02-11 20:00:03+08:00,723,112,145,1770833810844,https://m.weibo.cn/detail/5265226162507177,山东,2153184883,风与缓缓,f,https://m.weibo.cn/u/2153184883?luicode=20000061&lfid=5265226162507177&launchid=10000360-page_H5,"https://tvax3.sinaimg.cn/crop.0.0.1080.1080.180/8056fe73ly8i7zz5iel4cj20u00u0q73.jpg?KID=imgbed,tva&Expires=1770844606&ssig=%2FoWAFcZwrk",绿色出行
5265224378614771,【#春节去普陀山绿色避堵攻略#】近日，高德发布《2026年春运出行预测报告》，对春节假期全国游客出游目的地趋势热度作分类预测，在“驾车热门登山胜地”“驾车热门景区”TOP10预测榜上，舟山普陀山分列榜首和次席！去普陀山，除自驾到朱家尖蜈蚣峙码头乘船外，游客还可以选择多种“绿色避堵”的交通方式。一是海上航线：在普陀沈家门半升洞码头、岱山竹屿码头乘船直达。二是免费公交接驳：在新城舟山市政府南门停车场、普陀城北停车场免费停车，乘坐免费接驳公交直达蜈蚣峙码头，经专用通道进站乘船。此外，春节期间普陀区还安排了“东港各酒店-半升洞”免费假日旅游专线，线路涵盖东港各大酒店，便利接送酒店旅客到半升洞码头乘船前往普陀山、东极等景区。（浙江之声记者周珈伊）,1770839578,2026-02-11 19:52:58+08:00,1,1,0,1770833810847,https://m.weibo.cn/detail/5265224378614771,,1718259005,大声,m,https://m.weibo.cn/u/1718259005?luicode=20000061&lfid=5265224378614771&launchid=10000360-page_H5,"https://tvax2.sinaimg.cn/crop.0.0.1024.1024.180/666a8d3dly8hg4byuh4g4j20sg0sgt98.jpg?KID=imgbed,tva&Expires=1770844609&ssig=fBGn7S%2F700",绿色出行
5265214339026391,绿茵赛场的拼搏，绿色出行安全放心！一起向前而行！,1770837184,2026-02-11 19:13:04+08:00,3,1,0,1770833810850,https://m.weibo.cn/detail/5265214339026391,山东,7923860070,PING了一下,f,https://m.weibo.cn/u/7923860070?launchid=10000360-page_H5,"https://tvax1.sinaimg.cn/crop.0.0.1080.1080.180/008EfHYGly8i03mb9gxlij30u00u0jy2.jpg?KID=imgbed,tva&Expires=1770844602&ssig=Emf5cxHSuh",绿色出行
5265211536707501,绿色的绿色出行🌳🧑🏿🎤🍃🧚🏻♂️🍏🦖🪀羽绒、裤子、包@Link_Exchange ✌🏾 ,1770836516,2026-02-11 19:01:56+08:00,1,1,0,1770833810853,https://m.weibo.cn/detail/5265211536707501,上海,1770866725,crystalding丁晶,f,https://m.weibo.cn/u/1770866725?launchid=10000360-page_H5,"https://tvax3.sinaimg.cn/crop.0.0.1080.1080.180/698d4825ly8hkiaqodc3wj20u00u0780.jpg?KID=imgbed,tva&Expires=1770844602&ssig=ZJF095poGc",绿色出行
5264895830660400,欢乐迎新春 文明过大年——致广大市民的一封信 三峡融媒的微博视频 ,1770761246,2026-02-10 22:07:26+08:00,71,5,65,1770833810855,https://m.weibo.cn/detail/5264895830660400,,2346437860,三峡融媒,m,https://m.weibo.cn/u/2346437860?launchid=10000360-page_H5,"https://tvax3.sinaimg.cn/crop.0.0.1080.1080.180/8bdbcce4ly8h8vg6v0dcdj20u00u03zi.jpg?KID=imgbed,tva&Expires=1770844602&ssig=QxmY6Gh8vI",绿色出行
